id,name,artist_name,album_name,album_release_date,album_release_date_precision,popularity,duration_ms_x,explicit,danceability,energy,key,loudness,mode,speechiness,acousticness,instrumentalness,liveness,valence,tempo,type,uri,track_href,analysis_url,duration_ms_y,time_signature,Labels
6lLGSsIGXS8lSK31XYOEew,El Jalapeño,Chicano Batman,Cycles of Existential Rhyme,2014-02-18,day,26,141013,False,0.547,0.594,9,-7.311,1,0.04,0.61,1.07e-05,0.316,0.731,93.351,audio_features,spotify:track:6lLGSsIGXS8lSK31XYOEew,https://api.spotify.com/v1/tracks/6lLGSsIGXS8lSK31XYOEew,https://api.spotify.com/v1/audio-analysis/6lLGSsIGXS8lSK31XYOEew,141013,3,1
78lgmZwycJ3nzsdgmPPGNx,Immigrant Song - Remaster,Led Zeppelin,Led Zeppelin III (Remaster),1970,year,81,146250,False,0.564,0.932,11,-10.068,1,0.0554,0.013,0.169,0.349,0.619,112.937,audio_features,spotify:track:78lgmZwycJ3nzsdgmPPGNx,https://api.spotify.com/v1/tracks/78lgmZwycJ3nzsdgmPPGNx,https://api.spotify.com/v1/audio-analysis/78lgmZwycJ3nzsdgmPPGNx,146250,4,10
2b9lp5A6CqSzwOrBfAFhof,Crazy Train,Ozzy Osbourne,Blizzard of Ozz (Expanded Edition),1980-09-20,day,3,296200,False,0.453,0.905,9,-4.001,1,0.115,0.36,0.000569,0.26,0.474,137.571,audio_features,spotify:track:2b9lp5A6CqSzwOrBfAFhof,https://api.spotify.com/v1/tracks/2b9lp5A6CqSzwOrBfAFhof,https://api.spotify.com/v1/audio-analysis/2b9lp5A6CqSzwOrBfAFhof,296200,4,1
1Kvjmr2oqZjzhryoEKzqij,"Paint It, Black",The Rolling Stones,GRRR! (Deluxe Version),2012-01-01,day,0,203053,False,0.471,0.75,1,-10.877,1,0.089,0.0625,0.00221,0.323,0.61,159.038,audio_features,spotify:track:1Kvjmr2oqZjzhryoEKzqij,https://api.spotify.com/v1/tracks/1Kvjmr2oqZjzhryoEKzqij,https://api.spotify.com/v1/audio-analysis/1Kvjmr2oqZjzhryoEKzqij,203053,4,5
3L8WgDYS5TtwbyxOPSAiFf,Paranoid,Black Sabbath,Paranoid,1970-09-18,day,0,167933,False,0.418,0.668,6,-11.297,0,0.082,0.000143,0.00113,0.173,0.379,162.663,audio_features,spotify:track:3L8WgDYS5TtwbyxOPSAiFf,https://api.spotify.com/v1/tracks/3L8WgDYS5TtwbyxOPSAiFf,https://api.spotify.com/v1/audio-analysis/3L8WgDYS5TtwbyxOPSAiFf,167933,4,0
5qm0KiVKMXW1kq6VrnIhz5,Cliffs Of Dover - Instrumental,Eric Johnson,Ah Via Musicom,1990,year,59,249767,False,0.449,0.775,7,-12.029,1,0.0405,0.162,0.149,0.248,0.313,94.907,audio_features,spotify:track:5qm0KiVKMXW1kq6VrnIhz5,https://api.spotify.com/v1/tracks/5qm0KiVKMXW1kq6VrnIhz5,https://api.spotify.com/v1/audio-analysis/5qm0KiVKMXW1kq6VrnIhz5,249768,4,10
1sVtCOmdRKyXQZmoS5psN7,No Pain No Gain,Scorpions,Face The Heat,1993-09-21,day,44,234560,False,0.392,0.946,4,-4.024,0,0.121,0.00032,0.763,0.0723,0.292,154.014,audio_features,spotify:track:1sVtCOmdRKyXQZmoS5psN7,https://api.spotify.com/v1/tracks/1sVtCOmdRKyXQZmoS5psN7,https://api.spotify.com/v1/audio-analysis/1sVtCOmdRKyXQZmoS5psN7,234560,4,4
65DBZofI0b79kfHTcWWDuU,Trátame Suavemente - Remasterizado 2007,Soda Stereo,Soda Stereo (Remastered),1984-02-06,day,77,200800,False,0.738,0.8,11,-3.366,0,0.0283,0.043,0.0543,0.595,0.532,122.858,audio_features,spotify:track:65DBZofI0b79kfHTcWWDuU,https://api.spotify.com/v1/tracks/65DBZofI0b79kfHTcWWDuU,https://api.spotify.com/v1/audio-analysis/65DBZofI0b79kfHTcWWDuU,200800,4,12
1v15LSVQiEsGm4FK8SH7rI,Visita,Enjambre,Daltónico,2010-01-01,day,68,224085,False,0.56,0.916,4,-2.797,0,0.0375,0.106,0.0,0.0456,0.926,152.004,audio_features,spotify:track:1v15LSVQiEsGm4FK8SH7rI,https://api.spotify.com/v1/tracks/1v15LSVQiEsGm4FK8SH7rI,https://api.spotify.com/v1/audio-analysis/1v15LSVQiEsGm4FK8SH7rI,224086,4,0
0NHBt8bp6tloebOWV3U3fN,Under The Same Sun,Scorpions,Face The Heat,1993-09-21,day,59,293733,False,0.377,0.84,2,-6.022,1,0.1,0.0128,2.71e-05,0.102,0.311,150.349,audio_features,spotify:track:0NHBt8bp6tloebOWV3U3fN,https://api.spotify.com/v1/tracks/0NHBt8bp6tloebOWV3U3fN,https://api.spotify.com/v1/audio-analysis/0NHBt8bp6tloebOWV3U3fN,293733,4,5
1rh4kDY9T4fHVDum8Foi5k,Adiós,Gustavo Cerati,Ahí Vamos,2006-04-04,day,73,233746,False,0.495,0.596,2,-5.45,1,0.024,0.14,0.00316,0.114,0.284,94.119,audio_features,spotify:track:1rh4kDY9T4fHVDum8Foi5k,https://api.spotify.com/v1/tracks/1rh4kDY9T4fHVDum8Foi5k,https://api.spotify.com/v1/audio-analysis/1rh4kDY9T4fHVDum8Foi5k,233747,4,9
3oqWr0jDWNXxWufNogGREp,Crimen,Gustavo Cerati,Ahí Vamos,2006-04-04,day,75,232026,False,0.537,0.502,4,-8.406,1,0.025,0.44,0.0709,0.199,0.288,80.511,audio_features,spotify:track:3oqWr0jDWNXxWufNogGREp,https://api.spotify.com/v1/tracks/3oqWr0jDWNXxWufNogGREp,https://api.spotify.com/v1/audio-analysis/3oqWr0jDWNXxWufNogGREp,232027,4,2
5UdShl12E6eHEgS8lQ1bPr,All My Love - Remaster,Led Zeppelin,Mothership (Remastered),2007,year,53,355893,False,0.552,0.791,7,-8.356,1,0.0303,0.123,1.42e-05,0.162,0.698,91.2,audio_features,spotify:track:5UdShl12E6eHEgS8lQ1bPr,https://api.spotify.com/v1/tracks/5UdShl12E6eHEgS8lQ1bPr,https://api.spotify.com/v1/audio-analysis/5UdShl12E6eHEgS8lQ1bPr,355893,4,1
0hLaqSTEwAqYfrn6Tz3gIp,Loca,La Garfield,Love Paraíso,2016-09-21,day,48,271466,False,0.705,0.737,2,-4.105,0,0.0381,0.244,1.01e-06,0.125,0.408,102.981,audio_features,spotify:track:0hLaqSTEwAqYfrn6Tz3gIp,https://api.spotify.com/v1/tracks/0hLaqSTEwAqYfrn6Tz3gIp,https://api.spotify.com/v1/audio-analysis/0hLaqSTEwAqYfrn6Tz3gIp,271467,4,0
3L3BONRQQpkE9V4v2IauDX,Actos Fallidos,Sol Pereyra,Bla Bla Bla,2011-01-01,day,10,164773,False,0.702,0.762,9,-5.157,0,0.0429,0.563,0.0223,0.0615,0.654,130.015,audio_features,spotify:track:3L3BONRQQpkE9V4v2IauDX,https://api.spotify.com/v1/tracks/3L3BONRQQpkE9V4v2IauDX,https://api.spotify.com/v1/audio-analysis/3L3BONRQQpkE9V4v2IauDX,164773,4,12
6d9dA0UUF4vuAJLvCOaFJk,Ella y un Perro,Sol Pereyra,Bla Bla Bla,2011-01-01,day,5,330946,False,0.692,0.63,2,-7.214,1,0.0254,0.271,0.00853,0.0914,0.211,91.981,audio_features,spotify:track:6d9dA0UUF4vuAJLvCOaFJk,https://api.spotify.com/v1/tracks/6d9dA0UUF4vuAJLvCOaFJk,https://api.spotify.com/v1/audio-analysis/6d9dA0UUF4vuAJLvCOaFJk,330947,4,5
2gICL6LRPfASC77xe8CLf8,El Amor Es Asi,Sol Pereyra,Bla Bla Bla,2011-01-01,day,10,227586,False,0.653,0.71,11,-5.783,1,0.0524,0.561,1.43e-06,0.266,0.675,79.996,audio_features,spotify:track:2gICL6LRPfASC77xe8CLf8,https://api.spotify.com/v1/tracks/2gICL6LRPfASC77xe8CLf8,https://api.spotify.com/v1/audio-analysis/2gICL6LRPfASC77xe8CLf8,227587,4,1
55ZTgJlVhGcqzr3yrerkn8,Hilo de Sol,Sol Pereyra,Comunmixta,2012-08-07,day,10,204173,False,0.722,0.747,7,-6.609,1,0.0286,0.403,0.0,0.168,0.874,131.999,audio_features,spotify:track:55ZTgJlVhGcqzr3yrerkn8,https://api.spotify.com/v1/tracks/55ZTgJlVhGcqzr3yrerkn8,https://api.spotify.com/v1/audio-analysis/55ZTgJlVhGcqzr3yrerkn8,204173,4,1
5eNKUawfBJFqyC6zF1W5Mq,Loca,Sol Pereyra,Tirame Agua,2014-09-02,day,20,209386,False,0.795,0.625,9,-6.517,1,0.0247,0.3,0.0,0.114,0.905,100.032,audio_features,spotify:track:5eNKUawfBJFqyC6zF1W5Mq,https://api.spotify.com/v1/tracks/5eNKUawfBJFqyC6zF1W5Mq,https://api.spotify.com/v1/audio-analysis/5eNKUawfBJFqyC6zF1W5Mq,209387,4,1
3kj5bSvgx82T7E3bsCZ8Rt,Buenas Noches,Sol Pereyra,Tirame Agua,2014-09-02,day,5,229933,False,0.577,0.525,0,-6.574,1,0.0262,0.408,0.00829,0.104,0.227,110.021,audio_features,spotify:track:3kj5bSvgx82T7E3bsCZ8Rt,https://api.spotify.com/v1/tracks/3kj5bSvgx82T7E3bsCZ8Rt,https://api.spotify.com/v1/audio-analysis/3kj5bSvgx82T7E3bsCZ8Rt,229933,4,5
2rqVirvZUh6lkGfilsxpjq,Sincera,Sol Pereyra,Tirame Agua,2014-09-02,day,17,186920,False,0.884,0.612,11,-6.615,0,0.029,0.438,0.000957,0.274,0.883,105.0,audio_features,spotify:track:2rqVirvZUh6lkGfilsxpjq,https://api.spotify.com/v1/tracks/2rqVirvZUh6lkGfilsxpjq,https://api.spotify.com/v1/audio-analysis/2rqVirvZUh6lkGfilsxpjq,186920,4,12
3VUpaKzJrpDSOWAf4QnnI1,Celosa,Sol Pereyra,Tirame Agua,2014-09-02,day,7,245946,False,0.654,0.779,7,-4.816,1,0.0293,0.251,0.0,0.185,0.819,114.973,audio_features,spotify:track:3VUpaKzJrpDSOWAf4QnnI1,https://api.spotify.com/v1/tracks/3VUpaKzJrpDSOWAf4QnnI1,https://api.spotify.com/v1/audio-analysis/3VUpaKzJrpDSOWAf4QnnI1,245947,4,1
3Wunwn44wcWRNB4zb03AvA,Since I've Been Loving You - Remaster,Led Zeppelin,Mothership (Remastered),2007,year,47,444800,False,0.388,0.356,5,-11.187,0,0.0348,0.00216,0.0762,0.139,0.338,118.199,audio_features,spotify:track:3Wunwn44wcWRNB4zb03AvA,https://api.spotify.com/v1/tracks/3Wunwn44wcWRNB4zb03AvA,https://api.spotify.com/v1/audio-analysis/3Wunwn44wcWRNB4zb03AvA,444800,3,7
0ducHx1R45CnEloZ6tUVuC,Babe I'm Gonna Leave You - Remaster,Led Zeppelin,Mothership (Remastered),2007,year,48,402920,False,0.408,0.465,4,-11.772,0,0.0338,0.365,6.01e-05,0.215,0.151,135.668,audio_features,spotify:track:0ducHx1R45CnEloZ6tUVuC,https://api.spotify.com/v1/tracks/0ducHx1R45CnEloZ6tUVuC,https://api.spotify.com/v1/audio-analysis/0ducHx1R45CnEloZ6tUVuC,402920,4,3
4wCMKxkE3eMOTtlAx0NFEM,Achilles Last Stand - Remaster,Led Zeppelin,Mothership (Remastered),2007,year,43,630880,False,0.329,0.867,2,-8.789,1,0.0506,0.0211,0.00856,0.134,0.315,145.81,audio_features,spotify:track:4wCMKxkE3eMOTtlAx0NFEM,https://api.spotify.com/v1/tracks/4wCMKxkE3eMOTtlAx0NFEM,https://api.spotify.com/v1/audio-analysis/4wCMKxkE3eMOTtlAx0NFEM,630880,4,5
5v2vkoTamoisazJFanHJjk,Kashmir - Remaster,Led Zeppelin,Mothership (Remastered),2007,year,50,517120,False,0.484,0.609,2,-8.81,1,0.0483,0.448,0.0007,0.0415,0.61,80.483,audio_features,spotify:track:5v2vkoTamoisazJFanHJjk,https://api.spotify.com/v1/tracks/5v2vkoTamoisazJFanHJjk,https://api.spotify.com/v1/audio-analysis/5v2vkoTamoisazJFanHJjk,517120,3,2
12wlYeErSUNGg1B5d64077,Stairway to Heaven - Remaster,Led Zeppelin,Mothership (Remastered),2007,year,51,485013,False,0.338,0.332,9,-12.254,0,0.0352,0.609,0.00432,0.142,0.204,81.957,audio_features,spotify:track:12wlYeErSUNGg1B5d64077,https://api.spotify.com/v1/tracks/12wlYeErSUNGg1B5d64077,https://api.spotify.com/v1/audio-analysis/12wlYeErSUNGg1B5d64077,485013,4,3
2uuMXKKmdXrY2XxsqTsGp0,Immigrant Song - Remaster,Led Zeppelin,Mothership (Remastered),2007,year,57,146746,False,0.567,0.931,11,-10.361,1,0.0544,0.0119,0.159,0.342,0.623,112.948,audio_features,spotify:track:2uuMXKKmdXrY2XxsqTsGp0,https://api.spotify.com/v1/tracks/2uuMXKKmdXrY2XxsqTsGp0,https://api.spotify.com/v1/audio-analysis/2uuMXKKmdXrY2XxsqTsGp0,146747,4,10
1Gv6f7m5ZNDcInxGA8PsLS,Superstar,Carpenters,Carpenters,1971,year,60,231506,False,0.306,0.253,8,-11.177,1,0.0294,0.728,4.89e-05,0.138,0.171,83.175,audio_features,spotify:track:1Gv6f7m5ZNDcInxGA8PsLS,https://api.spotify.com/v1/tracks/1Gv6f7m5ZNDcInxGA8PsLS,https://api.spotify.com/v1/audio-analysis/1Gv6f7m5ZNDcInxGA8PsLS,231507,4,2
267BsRG0aX8LfeHsvCOdFA,Used To Love Her,Guns N' Roses,G N' R Lies,1988-11-29,day,0,191560,True,0.615,0.823,1,-9.39,1,0.0314,0.436,7.04e-05,0.171,0.921,135.093,audio_features,spotify:track:267BsRG0aX8LfeHsvCOdFA,https://api.spotify.com/v1/tracks/267BsRG0aX8LfeHsvCOdFA,https://api.spotify.com/v1/audio-analysis/267BsRG0aX8LfeHsvCOdFA,191560,4,11
7D5n2kpYH2WSqIyEO9MeXf,Patience,Guns N' Roses,G N' R Lies,1988-11-29,day,3,354400,True,0.457,0.266,6,-14.465,1,0.0313,0.711,0.000261,0.124,0.372,120.459,audio_features,spotify:track:7D5n2kpYH2WSqIyEO9MeXf,https://api.spotify.com/v1/tracks/7D5n2kpYH2WSqIyEO9MeXf,https://api.spotify.com/v1/audio-analysis/7D5n2kpYH2WSqIyEO9MeXf,354400,4,11
2lU2VI066HaPGyKTh6ANvI,So Fine,Guns N' Roses,Use Your Illusion II,1991-09-18,day,56,246373,False,0.441,0.726,6,-8.659,1,0.0377,0.0855,1.08e-05,0.137,0.328,139.562,audio_features,spotify:track:2lU2VI066HaPGyKTh6ANvI,https://api.spotify.com/v1/tracks/2lU2VI066HaPGyKTh6ANvI,https://api.spotify.com/v1/audio-analysis/2lU2VI066HaPGyKTh6ANvI,246373,4,10
77bCgbwirSDVeBGHxg00A7,Breakdown,Guns N' Roses,Use Your Illusion II,1991-09-18,day,50,424493,False,0.306,0.9,6,-7.961,1,0.052,0.00373,0.0943,0.141,0.357,86.772,audio_features,spotify:track:77bCgbwirSDVeBGHxg00A7,https://api.spotify.com/v1/tracks/77bCgbwirSDVeBGHxg00A7,https://api.spotify.com/v1/audio-analysis/77bCgbwirSDVeBGHxg00A7,424493,4,10
11VGhd5i7deLL0YB0ayicY,Yesterdays,Guns N' Roses,Use Your Illusion II,1991-09-18,day,66,196226,False,0.363,0.849,6,-7.744,1,0.0554,0.0666,0.00517,0.306,0.429,170.627,audio_features,spotify:track:11VGhd5i7deLL0YB0ayicY,https://api.spotify.com/v1/tracks/11VGhd5i7deLL0YB0ayicY,https://api.spotify.com/v1/audio-analysis/11VGhd5i7deLL0YB0ayicY,196227,4,10
7xki0BmuOllyquWqjhETyr,14 Years,Guns N' Roses,Use Your Illusion II,1991-09-18,day,58,261372,False,0.41,0.929,6,-5.884,1,0.0354,0.0273,0.0013,0.12,0.554,138.462,audio_features,spotify:track:7xki0BmuOllyquWqjhETyr,https://api.spotify.com/v1/tracks/7xki0BmuOllyquWqjhETyr,https://api.spotify.com/v1/audio-analysis/7xki0BmuOllyquWqjhETyr,261373,4,10
6i4Qi1mJxXjqNIL9HfJhRs,Civil War,Guns N' Roses,Use Your Illusion II,1991-09-18,day,70,462093,False,0.336,0.787,10,-8.803,0,0.0732,0.0793,0.0648,0.32,0.383,140.003,audio_features,spotify:track:6i4Qi1mJxXjqNIL9HfJhRs,https://api.spotify.com/v1/tracks/6i4Qi1mJxXjqNIL9HfJhRs,https://api.spotify.com/v1/audio-analysis/6i4Qi1mJxXjqNIL9HfJhRs,462093,4,12
46AtSShP5IL2Ls3uHpxmt8,Double Talkin' Jive,Guns N' Roses,Use Your Illusion I,1991-09-17,day,55,202040,True,0.35,0.974,8,-9.55,1,0.133,0.00146,0.446,0.0378,0.119,98.354,audio_features,spotify:track:46AtSShP5IL2Ls3uHpxmt8,https://api.spotify.com/v1/tracks/46AtSShP5IL2Ls3uHpxmt8,https://api.spotify.com/v1/audio-analysis/46AtSShP5IL2Ls3uHpxmt8,202040,4,11
2dyfo7lqKI7NtSAhUZwnoJ,My Michelle,Guns N' Roses,Appetite For Destruction,1987-07-21,day,0,218666,False,0.453,0.935,3,-8.49,1,0.0513,0.167,0.03,0.513,0.308,103.479,audio_features,spotify:track:2dyfo7lqKI7NtSAhUZwnoJ,https://api.spotify.com/v1/tracks/2dyfo7lqKI7NtSAhUZwnoJ,https://api.spotify.com/v1/audio-analysis/2dyfo7lqKI7NtSAhUZwnoJ,218667,4,5
0R9GrbRcpBRdwDlVPj2wEQ,My Friend Of Misery,Metallica,Metallica,1991-08-12,day,54,407773,False,0.582,0.819,9,-8.092,0,0.0345,0.000283,0.0167,0.0996,0.394,119.513,audio_features,spotify:track:0R9GrbRcpBRdwDlVPj2wEQ,https://api.spotify.com/v1/tracks/0R9GrbRcpBRdwDlVPj2wEQ,https://api.spotify.com/v1/audio-analysis/0R9GrbRcpBRdwDlVPj2wEQ,407773,4,12
0rFWuqFgHAfuzE8uSB9TWR,Live And Let Die,Guns N' Roses,Use Your Illusion I,1991-09-17,day,74,182733,False,0.262,0.777,11,-8.671,1,0.0632,0.0109,0.113,0.12,0.264,152.5,audio_features,spotify:track:0rFWuqFgHAfuzE8uSB9TWR,https://api.spotify.com/v1/tracks/0rFWuqFgHAfuzE8uSB9TWR,https://api.spotify.com/v1/audio-analysis/0rFWuqFgHAfuzE8uSB9TWR,182733,4,10
0NJC0FDCODpPUntRTTQq97,Cryin',Aerosmith,Get A Grip,1993-01-01,day,9,308333,False,0.445,0.856,9,-3.674,1,0.0327,0.000202,0.0101,0.367,0.486,105.872,audio_features,spotify:track:0NJC0FDCODpPUntRTTQq97,https://api.spotify.com/v1/tracks/0NJC0FDCODpPUntRTTQq97,https://api.spotify.com/v1/audio-analysis/0NJC0FDCODpPUntRTTQq97,308333,3,1
3s03nrUInN3NAVjQtmnS0O,Estranged,Guns N' Roses,Use Your Illusion II,1991-09-18,day,67,563893,False,0.359,0.762,11,-8.323,1,0.032,0.0105,0.281,0.368,0.167,89.259,audio_features,spotify:track:3s03nrUInN3NAVjQtmnS0O,https://api.spotify.com/v1/tracks/3s03nrUInN3NAVjQtmnS0O,https://api.spotify.com/v1/audio-analysis/3s03nrUInN3NAVjQtmnS0O,563893,4,10
55493u4ooFK6fMCMFf99fa,Holiday,Scorpions,Lovedrive,1979-02-25,day,49,391760,False,0.437,0.279,2,-14.573,0,0.0325,0.505,0.0161,0.133,0.3,118.019,audio_features,spotify:track:55493u4ooFK6fMCMFf99fa,https://api.spotify.com/v1/tracks/55493u4ooFK6fMCMFf99fa,https://api.spotify.com/v1/audio-analysis/55493u4ooFK6fMCMFf99fa,391760,4,8
6beFuzSjwhOKFZp2aqYDdY,Amazing,Aerosmith,Get A Grip,1993-01-01,day,7,356160,False,0.308,0.747,0,-5.434,1,0.037,0.0645,8.27e-05,0.431,0.278,139.454,audio_features,spotify:track:6beFuzSjwhOKFZp2aqYDdY,https://api.spotify.com/v1/tracks/6beFuzSjwhOKFZp2aqYDdY,https://api.spotify.com/v1/audio-analysis/6beFuzSjwhOKFZp2aqYDdY,356160,4,5
07DwrW1JxiMkEF4scxwdSa,Dynamite,Scorpions,Blackout,1982-04-10,day,39,252168,False,0.295,0.869,6,-9.901,0,0.0602,0.000211,0.00076,0.438,0.735,114.339,audio_features,spotify:track:07DwrW1JxiMkEF4scxwdSa,https://api.spotify.com/v1/tracks/07DwrW1JxiMkEF4scxwdSa,https://api.spotify.com/v1/audio-analysis/07DwrW1JxiMkEF4scxwdSa,252169,4,0
4t2dUobtoXRlqxz2pIxp71,You Give Me All I Need,Scorpions,Blackout,1982-04-10,day,38,218314,False,0.507,0.647,9,-11.035,0,0.0425,0.0168,0.000369,0.103,0.559,117.413,audio_features,spotify:track:4t2dUobtoXRlqxz2pIxp71,https://api.spotify.com/v1/tracks/4t2dUobtoXRlqxz2pIxp71,https://api.spotify.com/v1/audio-analysis/4t2dUobtoXRlqxz2pIxp71,218314,4,12
26fZwf1ImE4aUJ4XaqOkUg,No One Like You,Scorpions,Blackout,1982-04-10,day,68,237466,False,0.505,0.631,9,-10.433,0,0.038,0.0203,2.21e-05,0.141,0.835,118.178,audio_features,spotify:track:26fZwf1ImE4aUJ4XaqOkUg,https://api.spotify.com/v1/tracks/26fZwf1ImE4aUJ4XaqOkUg,https://api.spotify.com/v1/audio-analysis/26fZwf1ImE4aUJ4XaqOkUg,237467,4,12
15RpfmFhrE5RRkf4vZ6kZu,Blackout,Scorpions,Blackout,1982-04-10,day,51,228266,False,0.263,0.84,9,-9.757,1,0.0527,0.00676,0.356,0.7,0.714,89.368,audio_features,spotify:track:15RpfmFhrE5RRkf4vZ6kZu,https://api.spotify.com/v1/tracks/15RpfmFhrE5RRkf4vZ6kZu,https://api.spotify.com/v1/audio-analysis/15RpfmFhrE5RRkf4vZ6kZu,228267,4,10
3ovjw5HZZv43SxTwApooCM,Wind Of Change,Scorpions,Crazy World,1990-01-01,day,81,312360,False,0.452,0.524,0,-10.108,1,0.0351,0.315,0.0,0.103,0.246,151.505,audio_features,spotify:track:3ovjw5HZZv43SxTwApooCM,https://api.spotify.com/v1/tracks/3ovjw5HZZv43SxTwApooCM,https://api.spotify.com/v1/audio-analysis/3ovjw5HZZv43SxTwApooCM,312360,4,9
7kjsCbksOZotNNHOvKsJJh,Still Loving You,Scorpions,Love At First Sting,1984-03-27,day,68,387000,False,0.273,0.39,8,-12.384,0,0.0317,0.134,0.00174,0.183,0.0851,103.955,audio_features,spotify:track:7kjsCbksOZotNNHOvKsJJh,https://api.spotify.com/v1/tracks/7kjsCbksOZotNNHOvKsJJh,https://api.spotify.com/v1/audio-analysis/7kjsCbksOZotNNHOvKsJJh,387000,4,3
7cDxjUnMitNKQC5c8RQUko,Black Magic Woman / Gypsy Queen,Santana,Abraxas,1970-09-23,day,58,319773,False,0.464,0.462,2,-14.093,0,0.0406,0.657,0.527,0.124,0.557,124.033,audio_features,spotify:track:7cDxjUnMitNKQC5c8RQUko,https://api.spotify.com/v1/tracks/7cDxjUnMitNKQC5c8RQUko,https://api.spotify.com/v1/audio-analysis/7cDxjUnMitNKQC5c8RQUko,319773,4,8
4VbOIkKqt0gkZpC75oKSxS,Europa (Earth's Cry Heaven's Smile),Santana,Amigos,1976-03-26,day,59,304106,False,0.307,0.544,0,-9.679,0,0.0501,0.0327,0.906,0.167,0.735,74.945,audio_features,spotify:track:4VbOIkKqt0gkZpC75oKSxS,https://api.spotify.com/v1/tracks/4VbOIkKqt0gkZpC75oKSxS,https://api.spotify.com/v1/audio-analysis/4VbOIkKqt0gkZpC75oKSxS,304107,4,4
5sVf9kN90ScddiT3SdT9Qh,Since I Don't Have You,Guns N' Roses,The Spaghetti Incident?,1993-11-23,day,67,259906,True,0.466,0.632,6,-6.94,1,0.0326,0.465,0.000256,0.135,0.246,68.893,audio_features,spotify:track:5sVf9kN90ScddiT3SdT9Qh,https://api.spotify.com/v1/tracks/5sVf9kN90ScddiT3SdT9Qh,https://api.spotify.com/v1/audio-analysis/5sVf9kN90ScddiT3SdT9Qh,259907,4,11
1SDiiE3v2z89VxC3aVRKHQ,Since I've Been Loving You - Remaster,Led Zeppelin,Led Zeppelin III (Remaster),1970,year,64,444148,False,0.393,0.364,5,-10.945,0,0.0345,0.0021,0.0703,0.121,0.308,118.566,audio_features,spotify:track:1SDiiE3v2z89VxC3aVRKHQ,https://api.spotify.com/v1/tracks/1SDiiE3v2z89VxC3aVRKHQ,https://api.spotify.com/v1/audio-analysis/1SDiiE3v2z89VxC3aVRKHQ,444148,3,7
74irxdVWstNlEQjsvArITq,Crazy,Aerosmith,Get A Grip,1993-01-01,day,8,316693,False,0.37,0.866,6,-3.879,0,0.0384,0.0868,0.0,0.137,0.427,162.086,audio_features,spotify:track:74irxdVWstNlEQjsvArITq,https://api.spotify.com/v1/tracks/74irxdVWstNlEQjsvArITq,https://api.spotify.com/v1/audio-analysis/74irxdVWstNlEQjsvArITq,316693,3,7
3dzW0SoVNyJTWWJimX8stj,She's Not There,The Zombies,Begin Here,1965-03-01,day,1,145293,False,0.523,0.803,4,-5.189,0,0.045,0.579,0.0,0.0948,0.898,132.316,audio_features,spotify:track:3dzW0SoVNyJTWWJimX8stj,https://api.spotify.com/v1/tracks/3dzW0SoVNyJTWWJimX8stj,https://api.spotify.com/v1/audio-analysis/3dzW0SoVNyJTWWJimX8stj,145293,4,8
4SDywo3ykB2PEthjXvo1UP,I Put A Spell On You,Creedence Clearwater Revival,Creedence Clearwater Revival (Expanded Edition),1968-07-05,day,63,271786,False,0.391,0.732,4,-8.188,0,0.0295,0.00471,0.121,0.0979,0.622,100.354,audio_features,spotify:track:4SDywo3ykB2PEthjXvo1UP,https://api.spotify.com/v1/tracks/4SDywo3ykB2PEthjXvo1UP,https://api.spotify.com/v1/audio-analysis/4SDywo3ykB2PEthjXvo1UP,271787,4,0
3L60Vu9qmY6fg2QroRIxgi,Cry Baby,Janis Joplin,Pearl (Legacy Edition),1971-01-11,day,64,238600,False,0.474,0.418,0,-9.654,1,0.0299,0.514,0.000343,0.0535,0.504,83.308,audio_features,spotify:track:3L60Vu9qmY6fg2QroRIxgi,https://api.spotify.com/v1/tracks/3L60Vu9qmY6fg2QroRIxgi,https://api.spotify.com/v1/audio-analysis/3L60Vu9qmY6fg2QroRIxgi,238600,3,2
3V3MQOlQqq8SZ7BcoN4QCn,Piece of My Heart,Janis Joplin,Flash Back Internacional,2018-04-27,day,50,266240,False,0.43,0.665,4,-9.681,1,0.139,0.406,0.000108,0.409,0.542,160.859,audio_features,spotify:track:3V3MQOlQqq8SZ7BcoN4QCn,https://api.spotify.com/v1/tracks/3V3MQOlQqq8SZ7BcoN4QCn,https://api.spotify.com/v1/audio-analysis/3V3MQOlQqq8SZ7BcoN4QCn,266240,4,5
0xGSeBsG4V8Scc5YqpZQ66,Maybe,Janis Joplin,I Got Dem Ol' Kozmic Blues Again Mama!,1969-09-11,day,62,219133,False,0.4,0.35,8,-11.401,1,0.0345,0.227,0.0397,0.103,0.328,83.389,audio_features,spotify:track:0xGSeBsG4V8Scc5YqpZQ66,https://api.spotify.com/v1/tracks/0xGSeBsG4V8Scc5YqpZQ66,https://api.spotify.com/v1/audio-analysis/0xGSeBsG4V8Scc5YqpZQ66,219133,4,2
2RRR5ziiJJd0DJGMVeEjR2,Skarada,Tokyo Ska Paradise Orchestra,BEST OF TOKYO SKA 1998-2007,2007-03-21,day,8,238320,False,0.435,0.851,5,-4.029,0,0.0475,0.0147,0.27,0.142,0.545,144.705,audio_features,spotify:track:2RRR5ziiJJd0DJGMVeEjR2,https://api.spotify.com/v1/tracks/2RRR5ziiJJd0DJGMVeEjR2,https://api.spotify.com/v1/audio-analysis/2RRR5ziiJJd0DJGMVeEjR2,238320,4,0
4F8BhnU4ymPIVQFGK7eJcY,Ocean To Ocean,Tokyo Ska Paradise Orchestra,BEST OF TOKYO SKA 1998-2007,2007-03-21,day,9,215506,False,0.761,0.807,0,-5.108,1,0.0326,0.17,2.96e-05,0.34,0.847,128.813,audio_features,spotify:track:4F8BhnU4ymPIVQFGK7eJcY,https://api.spotify.com/v1/tracks/4F8BhnU4ymPIVQFGK7eJcY,https://api.spotify.com/v1/audio-analysis/4F8BhnU4ymPIVQFGK7eJcY,215507,4,5
3CY7wjLc1CaAIrp9buEWhG,Simple Kind Of Life,No Doubt,Return Of Saturn,2000,year,52,256933,False,0.576,0.849,0,-5.199,1,0.0355,0.0678,0.0,0.278,0.482,119.999,audio_features,spotify:track:3CY7wjLc1CaAIrp9buEWhG,https://api.spotify.com/v1/tracks/3CY7wjLc1CaAIrp9buEWhG,https://api.spotify.com/v1/audio-analysis/3CY7wjLc1CaAIrp9buEWhG,256933,4,5
5ECMRJbRlj0FZRg9cRg94m,Ex-Girlfriend,No Doubt,Return Of Saturn,2000,year,56,212400,False,0.546,0.907,4,-4.117,0,0.09,0.0135,0.00232,0.169,0.654,173.178,audio_features,spotify:track:5ECMRJbRlj0FZRg9cRg94m,https://api.spotify.com/v1/tracks/5ECMRJbRlj0FZRg9cRg94m,https://api.spotify.com/v1/audio-analysis/5ECMRJbRlj0FZRg9cRg94m,212400,4,0
6urCAbunOQI4bLhmGpX7iS,Don't Speak,No Doubt,Tragic Kingdom,1995-10-10,day,80,263560,False,0.52,0.709,5,-7.125,0,0.0352,0.247,1.78e-05,0.18,0.536,76.039,audio_features,spotify:track:6urCAbunOQI4bLhmGpX7iS,https://api.spotify.com/v1/tracks/6urCAbunOQI4bLhmGpX7iS,https://api.spotify.com/v1/audio-analysis/6urCAbunOQI4bLhmGpX7iS,263560,4,12
64SIlhd3BaHCCMSfajXG7l,Grace,Jeff Buckley,Grace,1994,year,64,322040,False,0.546,0.867,11,-4.235,0,0.0354,0.0256,0.000229,0.221,0.189,127.988,audio_features,spotify:track:64SIlhd3BaHCCMSfajXG7l,https://api.spotify.com/v1/tracks/64SIlhd3BaHCCMSfajXG7l,https://api.spotify.com/v1/audio-analysis/64SIlhd3BaHCCMSfajXG7l,322040,4,12
4woBXDBtJhQVo97uZM7sSG,Suite de las Américas - Remastered,Pérez Prado,Suite de las Américas (Remastered),2019-10-19,day,0,968040,False,0.293,0.511,4,-17.663,0,0.0654,0.11,0.883,0.345,0.379,100.836,audio_features,spotify:track:4woBXDBtJhQVo97uZM7sSG,https://api.spotify.com/v1/tracks/4woBXDBtJhQVo97uZM7sSG,https://api.spotify.com/v1/audio-analysis/4woBXDBtJhQVo97uZM7sSG,968041,3,6
2yVPtHXyxGXkbkuBmmqyBU,La Niña Popof,Los Músicos De José,Dilo! Homenaje a Pérez Prado,2016-04-29,day,16,184920,False,0.707,0.827,3,-7.766,1,0.0462,0.0634,0.846,0.217,0.963,152.049,audio_features,spotify:track:2yVPtHXyxGXkbkuBmmqyBU,https://api.spotify.com/v1/tracks/2yVPtHXyxGXkbkuBmmqyBU,https://api.spotify.com/v1/audio-analysis/2yVPtHXyxGXkbkuBmmqyBU,184920,4,1
3RuIhrs6JiJOBQDLtqiJXs,Crying Days - 2000,Therion,Cover Songs 1993-2007,2020-04-15,day,19,271760,False,0.467,0.643,6,-4.501,0,0.0328,0.000542,0.0405,0.334,0.153,120.064,audio_features,spotify:track:3RuIhrs6JiJOBQDLtqiJXs,https://api.spotify.com/v1/tracks/3RuIhrs6JiJOBQDLtqiJXs,https://api.spotify.com/v1/audio-analysis/3RuIhrs6JiJOBQDLtqiJXs,271760,4,3
5hVepr5CHiTGtJY5bP4i5n,No One Like You,Scorpions,Comeblack,2011-11-07,day,60,246533,False,0.601,0.928,7,-4.38,0,0.0481,0.014,0.000113,0.151,0.625,115.999,audio_features,spotify:track:5hVepr5CHiTGtJY5bP4i5n,https://api.spotify.com/v1/tracks/5hVepr5CHiTGtJY5bP4i5n,https://api.spotify.com/v1/audio-analysis/5hVepr5CHiTGtJY5bP4i5n,246533,4,12
4deOMevnxrmSgEi1KE25Ka,Black Diamond,KISS,Greatest Kiss,1997-04-08,day,19,314240,False,0.34,0.623,8,-9.643,0,0.0568,0.0623,0.0143,0.0881,0.197,132.719,audio_features,spotify:track:4deOMevnxrmSgEi1KE25Ka,https://api.spotify.com/v1/tracks/4deOMevnxrmSgEi1KE25Ka,https://api.spotify.com/v1/audio-analysis/4deOMevnxrmSgEi1KE25Ka,314240,4,3
57zKsBEPheQbBBsNFs35Sy,See You Tonight - Live,KISS,MTV Unplugged,1996-01-01,day,42,149720,False,0.632,0.87,1,-4.796,1,0.0302,0.227,0.0,0.967,0.743,122.319,audio_features,spotify:track:57zKsBEPheQbBBsNFs35Sy,https://api.spotify.com/v1/tracks/57zKsBEPheQbBBsNFs35Sy,https://api.spotify.com/v1/audio-analysis/57zKsBEPheQbBBsNFs35Sy,149720,4,5
07q0QVgO56EorrSGHC48y3,I Was Made For Lovin' You,KISS,Dynasty,1979-03-23,day,84,271240,False,0.768,0.852,4,-6.215,1,0.038,0.214,7.36e-05,0.0723,0.867,128.373,audio_features,spotify:track:07q0QVgO56EorrSGHC48y3,https://api.spotify.com/v1/tracks/07q0QVgO56EorrSGHC48y3,https://api.spotify.com/v1/audio-analysis/07q0QVgO56EorrSGHC48y3,271240,4,9
2UqzzArv2T0NnHSTIUa13V,Locomotive (Complicity),Guns N' Roses,Use Your Illusion II,1991-09-18,day,50,522093,False,0.474,0.983,4,-7.251,1,0.0889,0.00763,0.000758,0.0475,0.435,118.182,audio_features,spotify:track:2UqzzArv2T0NnHSTIUa13V,https://api.spotify.com/v1/tracks/2UqzzArv2T0NnHSTIUa13V,https://api.spotify.com/v1/audio-analysis/2UqzzArv2T0NnHSTIUa13V,522093,4,5
73e9GwB16rjd2OTT1TiXCm,Clavicula Nox,Therion,Vovin,1998-05-04,day,38,530240,False,0.531,0.665,4,-8.028,0,0.025,0.0145,0.655,0.109,0.196,100.04,audio_features,spotify:track:73e9GwB16rjd2OTT1TiXCm,https://api.spotify.com/v1/tracks/73e9GwB16rjd2OTT1TiXCm,https://api.spotify.com/v1/audio-analysis/73e9GwB16rjd2OTT1TiXCm,530240,4,4
0dlTGl67UFWcKupzkxZYOn,You Could Be Mine,Guns N' Roses,Use Your Illusion II,1991-09-18,day,72,343640,False,0.35,0.985,10,-5.676,0,0.122,0.00876,0.551,0.36,0.323,151.007,audio_features,spotify:track:0dlTGl67UFWcKupzkxZYOn,https://api.spotify.com/v1/tracks/0dlTGl67UFWcKupzkxZYOn,https://api.spotify.com/v1/audio-analysis/0dlTGl67UFWcKupzkxZYOn,343640,4,12
6v5VsfCYKdrkQBTMhAlkDr,Rocket Queen,Guns N' Roses,Appetite For Destruction,1987-07-21,day,0,373466,False,0.448,0.945,10,-7.978,1,0.0394,0.0219,0.246,0.0254,0.437,111.705,audio_features,spotify:track:6v5VsfCYKdrkQBTMhAlkDr,https://api.spotify.com/v1/tracks/6v5VsfCYKdrkQBTMhAlkDr,https://api.spotify.com/v1/audio-analysis/6v5VsfCYKdrkQBTMhAlkDr,373467,4,10
2SrVGpjv0mqCR6j9EZPSm2,2 Minutes to Midnight - 2015 Remaster,Iron Maiden,Powerslave (2015 Remaster),1984,year,67,363586,False,0.446,0.97,9,-5.004,0,0.0508,0.00754,0.000275,0.199,0.595,94.233,audio_features,spotify:track:2SrVGpjv0mqCR6j9EZPSm2,https://api.spotify.com/v1/tracks/2SrVGpjv0mqCR6j9EZPSm2,https://api.spotify.com/v1/audio-analysis/2SrVGpjv0mqCR6j9EZPSm2,363587,4,12
3wFGRek61NIF330UwJCI52,Aces High - 2015 Remaster,Iron Maiden,Powerslave (2015 Remaster),1984,year,65,271906,False,0.3,0.936,2,-5.399,1,0.0456,0.0337,0.021,0.158,0.756,133.065,audio_features,spotify:track:3wFGRek61NIF330UwJCI52,https://api.spotify.com/v1/tracks/3wFGRek61NIF330UwJCI52,https://api.spotify.com/v1/audio-analysis/3wFGRek61NIF330UwJCI52,271907,4,5
2ov8L95QD25TLpZAZPYWXL,Mr. Crowley,Ozzy Osbourne,Blizzard Of Ozz (40th Anniversary Expanded Edition),2020-09-18,day,66,302647,False,0.307,0.748,2,-6.514,0,0.0568,0.212,0.000153,0.368,0.347,108.227,audio_features,spotify:track:2ov8L95QD25TLpZAZPYWXL,https://api.spotify.com/v1/tracks/2ov8L95QD25TLpZAZPYWXL,https://api.spotify.com/v1/audio-analysis/2ov8L95QD25TLpZAZPYWXL,302648,4,0
0kl7aqrHR89YHbV6pzXaZO,Paseando por Temperley,Los Auténticos Decadentes,Supersonico,1991-06-27,day,22,306640,False,0.558,0.725,9,-8.831,1,0.0588,0.0322,1.78e-05,0.326,0.787,131.177,audio_features,spotify:track:0kl7aqrHR89YHbV6pzXaZO,https://api.spotify.com/v1/tracks/0kl7aqrHR89YHbV6pzXaZO,https://api.spotify.com/v1/audio-analysis/0kl7aqrHR89YHbV6pzXaZO,306640,4,1
3wM8VloRGOWQsPWXKKyZe3,Me Perfuma,Los Auténticos Decadentes,Supersonico,1991-06-27,day,15,309173,False,0.567,0.491,11,-11.03,1,0.0284,0.547,0.0,0.266,0.641,77.781,audio_features,spotify:track:3wM8VloRGOWQsPWXKKyZe3,https://api.spotify.com/v1/tracks/3wM8VloRGOWQsPWXKKyZe3,https://api.spotify.com/v1/audio-analysis/3wM8VloRGOWQsPWXKKyZe3,309173,4,1
1zYF9fxV4p4cKSlmha8mdB,Aguinaldo - En Vivo,Los Auténticos Decadentes,12 Vivos,2004-10-13,day,22,178306,False,0.402,0.922,7,-5.07,1,0.0552,0.0681,0.000514,0.394,0.815,165.904,audio_features,spotify:track:1zYF9fxV4p4cKSlmha8mdB,https://api.spotify.com/v1/tracks/1zYF9fxV4p4cKSlmha8mdB,https://api.spotify.com/v1/audio-analysis/1zYF9fxV4p4cKSlmha8mdB,178307,4,1
0tRIx0RKRBJOahoXlpM8uL,Las Miradas,Los Auténticos Decadentes,Mi Vida Loca,1995-08-01,day,30,289120,False,0.78,0.737,9,-7.675,1,0.121,0.053,0.0,0.0746,0.927,101.474,audio_features,spotify:track:0tRIx0RKRBJOahoXlpM8uL,https://api.spotify.com/v1/tracks/0tRIx0RKRBJOahoXlpM8uL,https://api.spotify.com/v1/audio-analysis/0tRIx0RKRBJOahoXlpM8uL,289120,4,1
3uSDMOEW4K94zTCmm0Lt3F,Siga el Baile (with Alberto Castillo),Los Auténticos Decadentes,Fiesta Monstruo,1993-09-01,day,36,149773,False,0.681,0.73,0,-10.693,0,0.255,0.329,4.14e-06,0.0552,0.807,140.136,audio_features,spotify:track:3uSDMOEW4K94zTCmm0Lt3F,https://api.spotify.com/v1/tracks/3uSDMOEW4K94zTCmm0Lt3F,https://api.spotify.com/v1/audio-analysis/3uSDMOEW4K94zTCmm0Lt3F,149773,4,0
0hLkWUECYBHJrzWzdwBiFN,Besándote - Remasterized 2001,Los Auténticos Decadentes,Los Reyes de la Canción,2001-01-01,day,42,262066,False,0.7,0.747,7,-6.341,1,0.0531,0.0783,1.18e-05,0.0681,0.82,98.946,audio_features,spotify:track:0hLkWUECYBHJrzWzdwBiFN,https://api.spotify.com/v1/tracks/0hLkWUECYBHJrzWzdwBiFN,https://api.spotify.com/v1/audio-analysis/0hLkWUECYBHJrzWzdwBiFN,262067,4,1
4J0phvYcKa1Hr1EBwH0pu3,Qué Vas a Hacer Conmigo,Los Auténticos Decadentes,Supersonico,1991-06-27,day,39,206933,False,0.615,0.586,0,-9.846,1,0.0339,0.163,1.11e-06,0.145,0.763,130.221,audio_features,spotify:track:4J0phvYcKa1Hr1EBwH0pu3,https://api.spotify.com/v1/tracks/4J0phvYcKa1Hr1EBwH0pu3,https://api.spotify.com/v1/audio-analysis/4J0phvYcKa1Hr1EBwH0pu3,206933,4,9
1Bd8mHCDrBrv3ZruGLRWJx,Lejos de Ti,Los Auténticos Decadentes,Cualquiera Puede Cantar,1997-10-01,day,33,254533,False,0.804,0.486,9,-8.241,0,0.0375,0.0559,8e-06,0.037,0.842,107.233,audio_features,spotify:track:1Bd8mHCDrBrv3ZruGLRWJx,https://api.spotify.com/v1/tracks/1Bd8mHCDrBrv3ZruGLRWJx,https://api.spotify.com/v1/audio-analysis/1Bd8mHCDrBrv3ZruGLRWJx,254533,4,12
1CvYWnK4ERkU7D8pY7CKDo,Diosa,Los Auténticos Decadentes,Mi Vida Loca,1995-08-01,day,53,211013,False,0.679,0.812,9,-6.258,1,0.0487,0.0308,1.54e-05,0.361,0.936,144.21,audio_features,spotify:track:1CvYWnK4ERkU7D8pY7CKDo,https://api.spotify.com/v1/tracks/1CvYWnK4ERkU7D8pY7CKDo,https://api.spotify.com/v1/audio-analysis/1CvYWnK4ERkU7D8pY7CKDo,211013,4,1
06u5f79L0JIk4qmkYSdOm4,Sábado Perpetuo,Enjambre,Proaño,2014-10-14,day,49,208306,False,0.547,0.832,4,-5.589,1,0.0318,0.0673,0.00452,0.291,0.739,123.962,audio_features,spotify:track:06u5f79L0JIk4qmkYSdOm4,https://api.spotify.com/v1/tracks/06u5f79L0JIk4qmkYSdOm4,https://api.spotify.com/v1/audio-analysis/06u5f79L0JIk4qmkYSdOm4,208307,4,5
6RnoyMurl85ovY0Luy4VpZ,Hematófago,Enjambre,Proaño,2014-10-14,day,38,186146,False,0.207,0.779,0,-4.901,0,0.0424,0.044,0.0586,0.374,0.489,107.705,audio_features,spotify:track:6RnoyMurl85ovY0Luy4VpZ,https://api.spotify.com/v1/tracks/6RnoyMurl85ovY0Luy4VpZ,https://api.spotify.com/v1/audio-analysis/6RnoyMurl85ovY0Luy4VpZ,186147,3,7
0BKJNlqLlNvvIunfg2BPCg,Dulce Soledad,Enjambre,Daltónico,2010-01-01,day,69,224085,False,0.405,0.908,9,-3.231,1,0.0508,0.00193,0.0,0.128,0.343,165.009,audio_features,spotify:track:0BKJNlqLlNvvIunfg2BPCg,https://api.spotify.com/v1/tracks/0BKJNlqLlNvvIunfg2BPCg,https://api.spotify.com/v1/audio-analysis/0BKJNlqLlNvvIunfg2BPCg,224086,4,10
1yUHuR43berFjN7B3KMHv5,Por Esta Razón,Enjambre,Proaño,2014-10-14,day,57,221533,False,0.358,0.671,10,-6.18,1,0.0304,0.0143,0.00322,0.181,0.24,79.797,audio_features,spotify:track:1yUHuR43berFjN7B3KMHv5,https://api.spotify.com/v1/tracks/1yUHuR43berFjN7B3KMHv5,https://api.spotify.com/v1/audio-analysis/1yUHuR43berFjN7B3KMHv5,221533,4,10
7rhKh1Ool2Yel5JXmiemZB,Manía Cardiaca,Enjambre,El Segundo Es Felino,2008,year,65,248773,False,0.584,0.57,11,-6.508,1,0.028,0.0933,1.66e-05,0.0802,0.54,97.976,audio_features,spotify:track:7rhKh1Ool2Yel5JXmiemZB,https://api.spotify.com/v1/tracks/7rhKh1Ool2Yel5JXmiemZB,https://api.spotify.com/v1/audio-analysis/7rhKh1Ool2Yel5JXmiemZB,248773,4,10
1Z6NUe88dVXBDpWiWpSpie,Somos Ajenos,Enjambre,Enjambre Y Los Huéspedes Del Orbe,2012-01-01,day,66,204880,False,0.391,0.884,11,-3.883,1,0.0329,0.000134,0.58,0.174,0.217,160.188,audio_features,spotify:track:1Z6NUe88dVXBDpWiWpSpie,https://api.spotify.com/v1/tracks/1Z6NUe88dVXBDpWiWpSpie,https://api.spotify.com/v1/audio-analysis/1Z6NUe88dVXBDpWiWpSpie,204880,4,10
0aDd0096feHh3zpcGgQY7n,Una mañana - Unplugged,Café Tacvba,MTV Unplugged,1996,year,54,202506,False,0.641,0.715,2,-9.17,0,0.0469,0.336,0.00505,0.694,0.675,116.406,audio_features,spotify:track:0aDd0096feHh3zpcGgQY7n,https://api.spotify.com/v1/tracks/0aDd0096feHh3zpcGgQY7n,https://api.spotify.com/v1/audio-analysis/0aDd0096feHh3zpcGgQY7n,202507,4,0
18T2uIJteJ7o1W8XLFRpaN,María,Café Tacvba,Café Tacvba,1992-07-13,day,57,231200,False,0.754,0.524,4,-8.024,1,0.029,0.0318,0.00248,0.11,0.669,123.907,audio_features,spotify:track:18T2uIJteJ7o1W8XLFRpaN,https://api.spotify.com/v1/tracks/18T2uIJteJ7o1W8XLFRpaN,https://api.spotify.com/v1/audio-analysis/18T2uIJteJ7o1W8XLFRpaN,231200,4,9
7s41ZGjQB5Ur8T0fQlk5uM,Quiero Ver,Café Tacvba,SINO,2007-01-01,day,68,205573,False,0.447,0.765,6,-5.001,1,0.0433,0.0146,0.0,0.075,0.365,169.853,audio_features,spotify:track:7s41ZGjQB5Ur8T0fQlk5uM,https://api.spotify.com/v1/tracks/7s41ZGjQB5Ur8T0fQlk5uM,https://api.spotify.com/v1/audio-analysis/7s41ZGjQB5Ur8T0fQlk5uM,205573,4,10
3Jkj0MlvVlggnWnLndsvWb,María Sabina,El Tri,Clasicas para Rockear,2011-03-18,day,40,311773,False,0.584,0.847,6,-5.688,0,0.0393,0.0597,0.000647,0.0902,0.805,133.087,audio_features,spotify:track:3Jkj0MlvVlggnWnLndsvWb,https://api.spotify.com/v1/tracks/3Jkj0MlvVlggnWnLndsvWb,https://api.spotify.com/v1/audio-analysis/3Jkj0MlvVlggnWnLndsvWb,311773,4,12
6ShfvZJYI3GSdaNaQ1bMVR,Metro balderas,El Tri,Simplemente,1987-06-10,day,55,342706,False,0.453,0.945,2,-6.337,1,0.0719,0.0015,0.000254,0.122,0.654,144.538,audio_features,spotify:track:6ShfvZJYI3GSdaNaQ1bMVR,https://api.spotify.com/v1/tracks/6ShfvZJYI3GSdaNaQ1bMVR,https://api.spotify.com/v1/audio-analysis/6ShfvZJYI3GSdaNaQ1bMVR,342707,4,5
1gd7Q7mxviLWkG5HgvAMAc,Las piedras rodantes,El Tri,Una rola para los minusválidos,1994-11-11,day,69,198040,False,0.556,0.393,0,-10.427,1,0.0319,0.649,0.0,0.292,0.604,98.226,audio_features,spotify:track:1gd7Q7mxviLWkG5HgvAMAc,https://api.spotify.com/v1/tracks/1gd7Q7mxviLWkG5HgvAMAc,https://api.spotify.com/v1/audio-analysis/1gd7Q7mxviLWkG5HgvAMAc,198040,4,9
11dn3mAagE0hOvd35rBNeV,Triste canción,El Tri,Simplemente,1987-06-10,day,71,342520,False,0.401,0.937,2,-6.243,0,0.164,0.0762,0.00154,0.269,0.696,148.036,audio_features,spotify:track:11dn3mAagE0hOvd35rBNeV,https://api.spotify.com/v1/tracks/11dn3mAagE0hOvd35rBNeV,https://api.spotify.com/v1/audio-analysis/11dn3mAagE0hOvd35rBNeV,342520,4,0
31Hutqdoy7EZrLiF855CCO,Difícil,El Tri,20 Grandes Exitos,2010,year,37,166920,False,0.579,0.798,0,-8.381,1,0.0661,0.367,1.45e-05,0.144,0.57,121.445,audio_features,spotify:track:31Hutqdoy7EZrLiF855CCO,https://api.spotify.com/v1/tracks/31Hutqdoy7EZrLiF855CCO,https://api.spotify.com/v1/audio-analysis/31Hutqdoy7EZrLiF855CCO,166920,4,5
0R78Gcspaf108Pmg7L99gs,Chelsea Girls,Nico,The Velvet Underground & Nico (45th Anniversary / Super Deluxe Edition),1967-03-12,day,10,447173,False,0.338,0.113,7,-18.267,0,0.0384,0.981,0.172,0.108,0.211,103.745,audio_features,spotify:track:0R78Gcspaf108Pmg7L99gs,https://api.spotify.com/v1/tracks/0R78Gcspaf108Pmg7L99gs,https://api.spotify.com/v1/audio-analysis/0R78Gcspaf108Pmg7L99gs,447173,4,8
5Ext9ObPEi7wIcv5AiQWJy,Superstar,Sonic Youth,If I Were A Carpenter,1994-01-01,day,58,246000,False,0.317,0.498,5,-9.137,0,0.0315,0.0515,0.306,0.121,0.141,84.563,audio_features,spotify:track:5Ext9ObPEi7wIcv5AiQWJy,https://api.spotify.com/v1/tracks/5Ext9ObPEi7wIcv5AiQWJy,https://api.spotify.com/v1/audio-analysis/5Ext9ObPEi7wIcv5AiQWJy,246000,4,3
63OQupATfueTdZMWTxW03A,Karma Police,Radiohead,OK Computer,1997-05-28,day,80,264066,False,0.36,0.501,7,-9.129,1,0.0258,0.0638,9.32e-05,0.172,0.324,74.807,audio_features,spotify:track:63OQupATfueTdZMWTxW03A,https://api.spotify.com/v1/tracks/63OQupATfueTdZMWTxW03A,https://api.spotify.com/v1/audio-analysis/63OQupATfueTdZMWTxW03A,264067,4,10
6LgJvl0Xdtc73RJ1mmpotq,Paranoid Android,Radiohead,OK Computer,1997-05-28,day,72,387213,False,0.251,0.848,5,-6.501,1,0.0579,0.0377,0.00591,0.0545,0.207,163.709,audio_features,spotify:track:6LgJvl0Xdtc73RJ1mmpotq,https://api.spotify.com/v1/tracks/6LgJvl0Xdtc73RJ1mmpotq,https://api.spotify.com/v1/audio-analysis/6LgJvl0Xdtc73RJ1mmpotq,387213,4,10
6rpi77GqamZNoltbZ5ksdi,Cycles of Existential Rhyme,Chicano Batman,Cycles of Existential Rhyme,2014-02-18,day,47,255960,False,0.483,0.651,6,-6.358,1,0.0345,0.377,0.0286,0.117,0.53,98.732,audio_features,spotify:track:6rpi77GqamZNoltbZ5ksdi,https://api.spotify.com/v1/tracks/6rpi77GqamZNoltbZ5ksdi,https://api.spotify.com/v1/audio-analysis/6rpi77GqamZNoltbZ5ksdi,255960,4,1
5YSzzFZrDP4d0D08xo9oQI,Barata y Descontón,Los Estramboticos,!!Puro Macanazo!!,2010-12-21,day,20,200973,False,0.54,0.882,0,-3.318,1,0.0737,0.0252,0.0,0.372,0.84,163.043,audio_features,spotify:track:5YSzzFZrDP4d0D08xo9oQI,https://api.spotify.com/v1/tracks/5YSzzFZrDP4d0D08xo9oQI,https://api.spotify.com/v1/audio-analysis/5YSzzFZrDP4d0D08xo9oQI,200973,4,5
1Kq5lryeac6Fd0un6BtsEW,Perdido,Los Estramboticos,!!Puro Macanazo!!,2010-12-21,day,25,228040,False,0.421,0.876,0,-4.239,0,0.0563,0.00106,0.0,0.39,0.592,153.891,audio_features,spotify:track:1Kq5lryeac6Fd0un6BtsEW,https://api.spotify.com/v1/tracks/1Kq5lryeac6Fd0un6BtsEW,https://api.spotify.com/v1/audio-analysis/1Kq5lryeac6Fd0un6BtsEW,228040,4,0
55G2VJnSHidnQxyr0AaVSk,La Gota Que Derramó el Beso,Los Estramboticos,Sueños de Anoche,2002,year,37,233493,False,0.651,0.894,9,-6.63,0,0.0374,0.193,2.03e-06,0.103,0.865,120.023,audio_features,spotify:track:55G2VJnSHidnQxyr0AaVSk,https://api.spotify.com/v1/tracks/55G2VJnSHidnQxyr0AaVSk,https://api.spotify.com/v1/audio-analysis/55G2VJnSHidnQxyr0AaVSk,233493,4,12
4UXE0ZLGIoLUOFqTECzoQe,Pronta Entrega,Virus,Locura,1985-04-29,day,67,273306,False,0.774,0.615,2,-7.614,0,0.0314,0.181,0.0107,0.141,0.703,136.851,audio_features,spotify:track:4UXE0ZLGIoLUOFqTECzoQe,https://api.spotify.com/v1/tracks/4UXE0ZLGIoLUOFqTECzoQe,https://api.spotify.com/v1/audio-analysis/4UXE0ZLGIoLUOFqTECzoQe,273307,4,0
46lIx69EL4rkLtlfqoomyw,Amor Descartable,Virus,Relax,1984-04-29,day,62,210426,False,0.803,0.851,5,-5.102,1,0.0451,0.197,2.37e-06,0.0795,0.936,125.225,audio_features,spotify:track:46lIx69EL4rkLtlfqoomyw,https://api.spotify.com/v1/tracks/46lIx69EL4rkLtlfqoomyw,https://api.spotify.com/v1/audio-analysis/46lIx69EL4rkLtlfqoomyw,210427,4,9
1qWLCuCnNcQVVzJm4pu7Zv,Luna de Miel en la Mano,Virus,Locura,1985-04-29,day,67,316426,False,0.713,0.682,9,-8.649,0,0.0778,0.179,0.0255,0.195,0.252,177.317,audio_features,spotify:track:1qWLCuCnNcQVVzJm4pu7Zv,https://api.spotify.com/v1/tracks/1qWLCuCnNcQVVzJm4pu7Zv,https://api.spotify.com/v1/audio-analysis/1qWLCuCnNcQVVzJm4pu7Zv,316427,4,12
14XWXWv5FoCbFzLksawpEe,Riders on the Storm,The Doors,L.A. Woman,1971-04-19,day,74,434720,False,0.55,0.722,11,-11.729,0,0.0283,0.25,0.0129,0.11,0.716,103.886,audio_features,spotify:track:14XWXWv5FoCbFzLksawpEe,https://api.spotify.com/v1/tracks/14XWXWv5FoCbFzLksawpEe,https://api.spotify.com/v1/audio-analysis/14XWXWv5FoCbFzLksawpEe,434720,4,12
42dsUTJpzMWUJfEkzsbKWl,When the Music's Over,The Doors,Strange Days,1967-09-25,day,53,659266,False,0.532,0.459,9,-10.329,1,0.0307,0.172,6.61e-05,0.0472,0.597,98.196,audio_features,spotify:track:42dsUTJpzMWUJfEkzsbKWl,https://api.spotify.com/v1/tracks/42dsUTJpzMWUJfEkzsbKWl,https://api.spotify.com/v1/audio-analysis/42dsUTJpzMWUJfEkzsbKWl,659267,4,10
14H2fE4WEdkEem0kjVeODT,Phantom of the Opera - 2015 Remaster,Iron Maiden,Iron Maiden (2015 Remaster),1980,year,59,441466,False,0.319,0.952,4,-5.315,0,0.0723,6.28e-05,0.154,0.918,0.228,109.275,audio_features,spotify:track:14H2fE4WEdkEem0kjVeODT,https://api.spotify.com/v1/tracks/14H2fE4WEdkEem0kjVeODT,https://api.spotify.com/v1/audio-analysis/14H2fE4WEdkEem0kjVeODT,441467,4,0
4OROzZUy6gOWN4UGQVaZMF,The Trooper - 2015 Remaster,Iron Maiden,Piece of Mind (2015 Remaster),1983,year,76,252733,False,0.285,0.908,4,-4.601,0,0.0705,0.0318,0.00909,0.311,0.669,159.756,audio_features,spotify:track:4OROzZUy6gOWN4UGQVaZMF,https://api.spotify.com/v1/tracks/4OROzZUy6gOWN4UGQVaZMF,https://api.spotify.com/v1/audio-analysis/4OROzZUy6gOWN4UGQVaZMF,252733,4,0
6p8eFfPw3nQkf37aT3AkmK,Fear of the Dark - 2015 Remaster,Iron Maiden,Fear of the Dark (2015 Remaster),1992,year,73,438120,False,0.308,0.866,2,-5.671,0,0.059,0.000739,0.00141,0.232,0.227,109.825,audio_features,spotify:track:6p8eFfPw3nQkf37aT3AkmK,https://api.spotify.com/v1/tracks/6p8eFfPw3nQkf37aT3AkmK,https://api.spotify.com/v1/audio-analysis/6p8eFfPw3nQkf37aT3AkmK,438120,4,0
1DCWaaJQNZwDrTyDKCE4a2,Room 69,3 MOTHER FUNKERS,Porn,2007-01-01,day,9,338293,False,0.725,0.594,4,-6.136,0,0.0733,0.245,0.000731,0.109,0.44,134.041,audio_features,spotify:track:1DCWaaJQNZwDrTyDKCE4a2,https://api.spotify.com/v1/tracks/1DCWaaJQNZwDrTyDKCE4a2,https://api.spotify.com/v1/audio-analysis/1DCWaaJQNZwDrTyDKCE4a2,338293,4,0
5EPhWAwMiPKSclVyA9LWO6,La Víctima del Caníbal,La Orquesta Vulgar,La Víctima del Caníbal,2015-10-24,day,6,616893,False,0.612,0.403,0,-15.05,0,0.148,0.378,0.774,0.103,0.354,111.978,audio_features,spotify:track:5EPhWAwMiPKSclVyA9LWO6,https://api.spotify.com/v1/tracks/5EPhWAwMiPKSclVyA9LWO6,https://api.spotify.com/v1/audio-analysis/5EPhWAwMiPKSclVyA9LWO6,616893,4,4
4qPgSwPUGigsmx6gUV2dnU,The Call Of Ktulu - Remastered,Metallica,Ride The Lightning (Deluxe / Remastered),1984-07-26,day,50,533493,False,0.31,0.926,9,-7.58,0,0.0994,0.0226,0.857,0.21,0.158,139.012,audio_features,spotify:track:4qPgSwPUGigsmx6gUV2dnU,https://api.spotify.com/v1/tracks/4qPgSwPUGigsmx6gUV2dnU,https://api.spotify.com/v1/audio-analysis/4qPgSwPUGigsmx6gUV2dnU,533493,4,4
2HD5BWFthrNf2uFyEhi53d,Orion,Metallica,Master Of Puppets (Remastered),1986-03-03,day,56,507226,False,0.365,0.67,9,-10.014,1,0.0386,0.00142,0.892,0.111,0.4,128.488,audio_features,spotify:track:2HD5BWFthrNf2uFyEhi53d,https://api.spotify.com/v1/tracks/2HD5BWFthrNf2uFyEhi53d,https://api.spotify.com/v1/audio-analysis/2HD5BWFthrNf2uFyEhi53d,507227,4,10
2MuWTIM3b0YEAskbeeFE1i,Master Of Puppets,Metallica,Master Of Puppets (Remastered),1986-03-03,day,79,515386,False,0.543,0.836,4,-9.11,0,0.0353,0.000647,0.431,0.153,0.56,105.173,audio_features,spotify:track:2MuWTIM3b0YEAskbeeFE1i,https://api.spotify.com/v1/tracks/2MuWTIM3b0YEAskbeeFE1i,https://api.spotify.com/v1/audio-analysis/2MuWTIM3b0YEAskbeeFE1i,515387,4,4
4vtaM6xsM7V8R1sJseCWHu,Los Piratas,Los Auténticos Decadentes,Cualquiera Puede Cantar,1997-10-01,day,56,184866,False,0.614,0.872,2,-6.168,1,0.105,0.0123,0.0,0.0375,0.768,139.698,audio_features,spotify:track:4vtaM6xsM7V8R1sJseCWHu,https://api.spotify.com/v1/tracks/4vtaM6xsM7V8R1sJseCWHu,https://api.spotify.com/v1/audio-analysis/4vtaM6xsM7V8R1sJseCWHu,184867,4,5
6iCnJkKswtMYoSmT58HmEn,Un Osito de Peluche de Taiwán,Los Auténticos Decadentes,Sigue Tu Camino,2003-01-01,day,68,247453,False,0.661,0.964,2,-4.105,1,0.0364,0.0532,0.0,0.11,0.597,101.984,audio_features,spotify:track:6iCnJkKswtMYoSmT58HmEn,https://api.spotify.com/v1/tracks/6iCnJkKswtMYoSmT58HmEn,https://api.spotify.com/v1/audio-analysis/6iCnJkKswtMYoSmT58HmEn,247453,4,5
4wXjnoLIMTninCnKRgGsQc,No Me Importa el Dinero (feat. Julieta Venegas) - Vivo en el Palacio de los Deportes,Los Auténticos Decadentes,En Vivo en el Palacio de los Deportes - 25 Aniversario,2012-05-10,day,67,234985,False,0.628,0.762,9,-5.286,1,0.03,0.348,0.0,0.774,0.809,90.012,audio_features,spotify:track:4wXjnoLIMTninCnKRgGsQc,https://api.spotify.com/v1/tracks/4wXjnoLIMTninCnKRgGsQc,https://api.spotify.com/v1/audio-analysis/4wXjnoLIMTninCnKRgGsQc,234986,4,1
3ydweVPwq9PCEVJ8WwqT6u,Loco (Tu Forma De Ser),Los Auténticos Decadentes,El Milagro Argentino,1989-06-27,day,72,313000,False,0.742,0.61,9,-7.596,1,0.0853,0.175,0.0,0.0493,0.722,113.281,audio_features,spotify:track:3ydweVPwq9PCEVJ8WwqT6u,https://api.spotify.com/v1/tracks/3ydweVPwq9PCEVJ8WwqT6u,https://api.spotify.com/v1/audio-analysis/3ydweVPwq9PCEVJ8WwqT6u,313000,4,10
4Jw6ENp38dMtW97Ll0BkZz,No Surprises,Scott Bradlee's Postmodern Jukebox,33 Resolutions Per Minute,2017-01-05,day,37,211795,False,0.59,0.42,2,-8.668,1,0.0411,0.831,0.000734,0.207,0.519,89.954,audio_features,spotify:track:4Jw6ENp38dMtW97Ll0BkZz,https://api.spotify.com/v1/tracks/4Jw6ENp38dMtW97Ll0BkZz,https://api.spotify.com/v1/audio-analysis/4Jw6ENp38dMtW97Ll0BkZz,211796,4,2
6Rrzqp3mp0Gh613Tg2XlNI,Nadie Sabe Donde Va,Nave Ascensor,Hartistas II,2016-05-15,day,6,277913,False,0.156,0.242,2,-10.525,1,0.0314,0.901,0.868,0.119,0.0387,173.059,audio_features,spotify:track:6Rrzqp3mp0Gh613Tg2XlNI,https://api.spotify.com/v1/tracks/6Rrzqp3mp0Gh613Tg2XlNI,https://api.spotify.com/v1/audio-analysis/6Rrzqp3mp0Gh613Tg2XlNI,277913,3,6
0LtOwyZoSNZKJWHqjzADpW,Feels Like We Only Go Backwards,Tame Impala,Lonerism,2012-01-01,day,77,192960,False,0.303,0.9,2,-2.352,0,0.0574,0.0277,0.635,0.11,0.491,149.508,audio_features,spotify:track:0LtOwyZoSNZKJWHqjzADpW,https://api.spotify.com/v1/tracks/0LtOwyZoSNZKJWHqjzADpW,https://api.spotify.com/v1/audio-analysis/0LtOwyZoSNZKJWHqjzADpW,192960,4,4
6SZTjtEmEeucoyViXPwlvM,Epicentro,Los Estramboticos,Sueños de Anoche,2002,year,19,225973,False,0.533,0.913,4,-5.705,1,0.0408,0.00354,0.0,0.374,0.835,142.954,audio_features,spotify:track:6SZTjtEmEeucoyViXPwlvM,https://api.spotify.com/v1/tracks/6SZTjtEmEeucoyViXPwlvM,https://api.spotify.com/v1/audio-analysis/6SZTjtEmEeucoyViXPwlvM,225973,4,5
3ERkk5sP7HE27jONhN75z6,Quiero Estar,Los Estramboticos,Sueños de Anoche,2002,year,35,242973,False,0.822,0.663,7,-8.286,1,0.0323,0.756,0.000133,0.1,0.92,130.003,audio_features,spotify:track:3ERkk5sP7HE27jONhN75z6,https://api.spotify.com/v1/tracks/3ERkk5sP7HE27jONhN75z6,https://api.spotify.com/v1/audio-analysis/3ERkk5sP7HE27jONhN75z6,242973,4,1
0vQfzyjQFHQ208JCNjcE5H,La Herida,Los Estramboticos,Sueños de Anoche,2002,year,60,237666,False,0.751,0.806,11,-5.592,0,0.0412,0.00824,0.0,0.0865,0.764,130.058,audio_features,spotify:track:0vQfzyjQFHQ208JCNjcE5H,https://api.spotify.com/v1/tracks/0vQfzyjQFHQ208JCNjcE5H,https://api.spotify.com/v1/audio-analysis/0vQfzyjQFHQ208JCNjcE5H,237667,4,12
2H9bGBCVI7pK9qbSkbQI2L,De Amor Nadie Se Muere,Los Estramboticos,Lágrimas y Risas,2013-02-01,day,38,262466,False,0.453,0.981,9,-3.44,1,0.0933,0.0094,0.0015,0.0619,0.566,161.84,audio_features,spotify:track:2H9bGBCVI7pK9qbSkbQI2L,https://api.spotify.com/v1/tracks/2H9bGBCVI7pK9qbSkbQI2L,https://api.spotify.com/v1/audio-analysis/2H9bGBCVI7pK9qbSkbQI2L,262467,4,10
4HPxUGVThsV0tUPNU30LZI,Ciegos de Amor,Los Estramboticos,Lágrimas y Risas,2013-02-01,day,52,233253,False,0.557,0.991,8,-2.469,0,0.0951,0.00797,0.000324,0.0222,0.782,171.913,audio_features,spotify:track:4HPxUGVThsV0tUPNU30LZI,https://api.spotify.com/v1/tracks/4HPxUGVThsV0tUPNU30LZI,https://api.spotify.com/v1/audio-analysis/4HPxUGVThsV0tUPNU30LZI,233253,4,12
0JyPCsIF1VBa8wp6ZZbw3Y,Peter Punk,Los Estramboticos,Piel De Banqueta,1997-01-01,day,44,145106,False,0.661,0.868,11,-6.861,0,0.109,0.0901,7.91e-05,0.34,0.959,108.059,audio_features,spotify:track:0JyPCsIF1VBa8wp6ZZbw3Y,https://api.spotify.com/v1/tracks/0JyPCsIF1VBa8wp6ZZbw3Y,https://api.spotify.com/v1/audio-analysis/0JyPCsIF1VBa8wp6ZZbw3Y,145107,4,12
1JrUt1LpairHGPqE3vuhUy,Las persianas,Café Tacvba,Café Tacvba,1992-07-13,day,57,174373,False,0.602,0.954,0,-3.55,1,0.0633,0.0307,0.00499,0.195,0.95,157.952,audio_features,spotify:track:1JrUt1LpairHGPqE3vuhUy,https://api.spotify.com/v1/tracks/1JrUt1LpairHGPqE3vuhUy,https://api.spotify.com/v1/audio-analysis/1JrUt1LpairHGPqE3vuhUy,174373,4,5
6hFHsQWB7HdVrSe7efRR82,Como te extraño mi amor,Café Tacvba,Avalancha de éxitos,1996-10-25,day,74,214880,False,0.791,0.759,9,-5.67,1,0.037,0.0823,4.44e-05,0.0993,0.917,124.725,audio_features,spotify:track:6hFHsQWB7HdVrSe7efRR82,https://api.spotify.com/v1/tracks/6hFHsQWB7HdVrSe7efRR82,https://api.spotify.com/v1/audio-analysis/6hFHsQWB7HdVrSe7efRR82,214880,4,1
6kdCN6gTWLcLxmLXoUcwuI,Eres,Café Tacvba,Cuatro Caminos,2003-07-01,day,77,267600,False,0.583,0.731,9,-6.18,0,0.0271,0.0107,0.0136,0.238,0.446,149.987,audio_features,spotify:track:6kdCN6gTWLcLxmLXoUcwuI,https://api.spotify.com/v1/tracks/6kdCN6gTWLcLxmLXoUcwuI,https://api.spotify.com/v1/audio-analysis/6kdCN6gTWLcLxmLXoUcwuI,267600,4,12
63QpuNHIZ8APaK37LkV8Xd,El baile y el salón,Café Tacvba,Re,1994-07-20,day,65,308040,False,0.723,0.626,6,-8.759,0,0.0291,0.219,0.00389,0.0971,0.448,110.98,audio_features,spotify:track:63QpuNHIZ8APaK37LkV8Xd,https://api.spotify.com/v1/tracks/63QpuNHIZ8APaK37LkV8Xd,https://api.spotify.com/v1/audio-analysis/63QpuNHIZ8APaK37LkV8Xd,308040,4,12
4HTQcxErjqv1Up3ZOoJ1di,Las batallas,Café Tacvba,Café Tacvba,1992-07-13,day,63,205026,False,0.616,0.755,6,-5.947,0,0.0303,0.0454,8.13e-05,0.0888,0.858,162.919,audio_features,spotify:track:4HTQcxErjqv1Up3ZOoJ1di,https://api.spotify.com/v1/tracks/4HTQcxErjqv1Up3ZOoJ1di,https://api.spotify.com/v1/audio-analysis/4HTQcxErjqv1Up3ZOoJ1di,205027,4,12
1MAIJFzQFIQ2Hkm3X5YtCW,Lovefool,Scott Bradlee's Postmodern Jukebox,Swipe Right For Vintage,2015-07-30,day,54,239500,False,0.424,0.355,4,-6.883,0,0.0358,0.802,0.0,0.27,0.37,124.657,audio_features,spotify:track:1MAIJFzQFIQ2Hkm3X5YtCW,https://api.spotify.com/v1/tracks/1MAIJFzQFIQ2Hkm3X5YtCW,https://api.spotify.com/v1/audio-analysis/1MAIJFzQFIQ2Hkm3X5YtCW,239500,4,3
3AOcpwgy3V2Fwg7B8PZfKl,Creep,Scott Bradlee's Postmodern Jukebox,Emoji Antique,2015-04-23,day,61,283259,False,0.292,0.359,5,-9.043,1,0.0328,0.697,1.85e-05,0.108,0.228,177.334,audio_features,spotify:track:3AOcpwgy3V2Fwg7B8PZfKl,https://api.spotify.com/v1/tracks/3AOcpwgy3V2Fwg7B8PZfKl,https://api.spotify.com/v1/audio-analysis/3AOcpwgy3V2Fwg7B8PZfKl,283259,3,2
10nyNJ6zNy2YVYLrcwLccB,No Surprises,Radiohead,OK Computer,1997-05-28,day,85,229120,False,0.255,0.393,5,-10.654,1,0.0278,0.0577,0.00361,0.113,0.118,76.426,audio_features,spotify:track:10nyNJ6zNy2YVYLrcwLccB,https://api.spotify.com/v1/tracks/10nyNJ6zNy2YVYLrcwLccB,https://api.spotify.com/v1/audio-analysis/10nyNJ6zNy2YVYLrcwLccB,229120,4,2
5XV8y16vXJENfxa5bQH0LG,Truth,Kamasi Washington,Truth,2017-04-13,day,42,810322,False,0.309,0.837,2,-8.135,1,0.131,0.085,0.621,0.143,0.388,114.757,audio_features,spotify:track:5XV8y16vXJENfxa5bQH0LG,https://api.spotify.com/v1/tracks/5XV8y16vXJENfxa5bQH0LG,https://api.spotify.com/v1/audio-analysis/5XV8y16vXJENfxa5bQH0LG,810322,4,5
4zMAoZpjtuVF9FoF7GGFwa,The End of Corporatism,Cameron Graves,Planetary Prince,2017-02-24,day,9,488950,False,0.309,0.705,5,-7.849,0,0.0477,0.456,0.847,0.088,0.365,158.084,audio_features,spotify:track:4zMAoZpjtuVF9FoF7GGFwa,https://api.spotify.com/v1/tracks/4zMAoZpjtuVF9FoF7GGFwa,https://api.spotify.com/v1/audio-analysis/4zMAoZpjtuVF9FoF7GGFwa,488950,4,4
3aZBqJCnEESRFEgYyzLTc7,La Bella,Los Borders,Super Funk,2015-01-29,day,0,224546,False,0.58,0.732,9,-4.702,1,0.0271,0.0331,0.684,0.137,0.664,106.114,audio_features,spotify:track:3aZBqJCnEESRFEgYyzLTc7,https://api.spotify.com/v1/tracks/3aZBqJCnEESRFEgYyzLTc7,https://api.spotify.com/v1/audio-analysis/3aZBqJCnEESRFEgYyzLTc7,224547,4,1
1NzJh6JmbK7MOr7KHuXjM8,Cops,Los Borders,Super Funk,2015-01-29,day,0,210040,False,0.611,0.792,4,-7.546,0,0.0394,0.00115,0.714,0.165,0.89,95.021,audio_features,spotify:track:1NzJh6JmbK7MOr7KHuXjM8,https://api.spotify.com/v1/tracks/1NzJh6JmbK7MOr7KHuXjM8,https://api.spotify.com/v1/audio-analysis/1NzJh6JmbK7MOr7KHuXjM8,210040,4,4
1BJQdsPAiG3Sd300ZoWFYC,Rush,Los Borders,Super Funk,2015-01-29,day,0,248253,False,0.548,0.552,4,-8.536,0,0.0339,0.00463,0.737,0.0953,0.629,106.071,audio_features,spotify:track:1BJQdsPAiG3Sd300ZoWFYC,https://api.spotify.com/v1/tracks/1BJQdsPAiG3Sd300ZoWFYC,https://api.spotify.com/v1/audio-analysis/1BJQdsPAiG3Sd300ZoWFYC,248253,4,4
4qWizh4UB8BuSypZ3T1zAz,Love Bites,Def Leppard,Hysteria,1987-08-03,day,59,346960,False,0.59,0.743,0,-7.078,0,0.0347,0.067,0.00093,0.0847,0.412,129.79,audio_features,spotify:track:4qWizh4UB8BuSypZ3T1zAz,https://api.spotify.com/v1/tracks/4qWizh4UB8BuSypZ3T1zAz,https://api.spotify.com/v1/audio-analysis/4qWizh4UB8BuSypZ3T1zAz,346960,4,0
1aZLIbKEdsyqxyD6iNcrbA,Pour Some Sugar On Me,Def Leppard,Hysteria,1987-08-03,day,67,267306,False,0.267,0.953,1,-4.899,0,0.096,0.00211,0.0,0.283,0.568,84.989,audio_features,spotify:track:1aZLIbKEdsyqxyD6iNcrbA,https://api.spotify.com/v1/tracks/1aZLIbKEdsyqxyD6iNcrbA,https://api.spotify.com/v1/audio-analysis/1aZLIbKEdsyqxyD6iNcrbA,267307,4,0
2PFIZFcGry0po3ZfRZkzKc,Hysteria,Def Leppard,Hysteria,1987-08-03,day,71,354636,False,0.659,0.846,7,-5.508,1,0.0274,0.0318,0.0144,0.203,0.659,107.01,audio_features,spotify:track:2PFIZFcGry0po3ZfRZkzKc,https://api.spotify.com/v1/tracks/2PFIZFcGry0po3ZfRZkzKc,https://api.spotify.com/v1/audio-analysis/2PFIZFcGry0po3ZfRZkzKc,354636,4,10
5Q2Im8o4RthlAMkvUMYwGj,Love Street,The Doors,Waiting for the Sun,1968-07-03,day,62,169533,False,0.709,0.305,9,-14.809,0,0.0397,0.687,0.0,0.265,0.483,118.821,audio_features,spotify:track:5Q2Im8o4RthlAMkvUMYwGj,https://api.spotify.com/v1/tracks/5Q2Im8o4RthlAMkvUMYwGj,https://api.spotify.com/v1/audio-analysis/5Q2Im8o4RthlAMkvUMYwGj,169533,4,8
0gWvVB4bGvADocoPMEDy3K,The Crystal Ship,The Doors,The Doors,1967-01-04,day,64,152000,False,0.313,0.42,10,-9.806,1,0.0303,0.797,2.35e-06,0.126,0.339,178.711,audio_features,spotify:track:0gWvVB4bGvADocoPMEDy3K,https://api.spotify.com/v1/tracks/0gWvVB4bGvADocoPMEDy3K,https://api.spotify.com/v1/audio-analysis/0gWvVB4bGvADocoPMEDy3K,152000,4,2
67HxeUADW4H3ERfaPW59ma,Love Me Two Times,The Doors,Strange Days,1967-09-25,day,67,195106,False,0.684,0.698,9,-6.219,1,0.041,0.332,5.16e-06,0.122,0.839,132.846,audio_features,spotify:track:67HxeUADW4H3ERfaPW59ma,https://api.spotify.com/v1/tracks/67HxeUADW4H3ERfaPW59ma,https://api.spotify.com/v1/audio-analysis/67HxeUADW4H3ERfaPW59ma,195107,4,9
4WFVX3E568hdAixIj3U222,Strange Days,The Doors,Strange Days,1967-09-25,day,53,186560,False,0.411,0.763,9,-6.738,0,0.0541,0.199,0.00447,0.329,0.462,121.57,audio_features,spotify:track:4WFVX3E568hdAixIj3U222,https://api.spotify.com/v1/tracks/4WFVX3E568hdAixIj3U222,https://api.spotify.com/v1/audio-analysis/4WFVX3E568hdAixIj3U222,186560,4,12
5onlaW8X1ps8VS4DhxpFom,You're Lost Little Girl,The Doors,Strange Days,1967-09-25,day,52,180573,False,0.509,0.386,4,-10.401,0,0.0269,0.63,6.18e-05,0.125,0.389,111.7,audio_features,spotify:track:5onlaW8X1ps8VS4DhxpFom,https://api.spotify.com/v1/tracks/5onlaW8X1ps8VS4DhxpFom,https://api.spotify.com/v1/audio-analysis/5onlaW8X1ps8VS4DhxpFom,180573,4,8
7MW3s6XnZua7CNQAfmdGe8,Unhappy Girl,The Doors,Strange Days,1967-09-25,day,48,117066,False,0.487,0.55,5,-7.1,0,0.038,0.609,0.0,0.0992,0.634,127.107,audio_features,spotify:track:7MW3s6XnZua7CNQAfmdGe8,https://api.spotify.com/v1/tracks/7MW3s6XnZua7CNQAfmdGe8,https://api.spotify.com/v1/audio-analysis/7MW3s6XnZua7CNQAfmdGe8,117067,4,8
6HSQ5z5afdLjhphHWfPiEG,My Eyes Have Seen You,The Doors,Strange Days,1967-09-25,day,50,147200,False,0.417,0.83,4,-7.206,0,0.0532,0.284,0.0,0.0863,0.943,131.715,audio_features,spotify:track:6HSQ5z5afdLjhphHWfPiEG,https://api.spotify.com/v1/tracks/6HSQ5z5afdLjhphHWfPiEG,https://api.spotify.com/v1/audio-analysis/6HSQ5z5afdLjhphHWfPiEG,147200,4,0
1Jmqubf9kGkWeYQXQKImL5,People Are Strange,The Doors,Strange Days,1967-09-25,day,78,130173,False,0.699,0.467,4,-8.578,0,0.0375,0.685,0.0,0.315,0.764,119.287,audio_features,spotify:track:1Jmqubf9kGkWeYQXQKImL5,https://api.spotify.com/v1/tracks/1Jmqubf9kGkWeYQXQKImL5,https://api.spotify.com/v1/audio-analysis/1Jmqubf9kGkWeYQXQKImL5,130173,4,8
0nLiqZ6A27jJri2VCalIUs,Nothing Else Matters,Metallica,Metallica,1991-08-12,day,82,388266,False,0.553,0.362,4,-11.218,0,0.0263,0.0458,6.01e-06,0.075,0.158,142.352,audio_features,spotify:track:0nLiqZ6A27jJri2VCalIUs,https://api.spotify.com/v1/tracks/0nLiqZ6A27jJri2VCalIUs,https://api.spotify.com/v1/audio-analysis/0nLiqZ6A27jJri2VCalIUs,388267,3,7
5MxNLUsfh7uzROypsoO5qe,Dream On,Aerosmith,Aerosmith,1973-01-05,day,9,266960,False,0.307,0.433,1,-10.057,1,0.029,0.388,9.08e-05,0.332,0.224,160.9,audio_features,spotify:track:5MxNLUsfh7uzROypsoO5qe,https://api.spotify.com/v1/tracks/5MxNLUsfh7uzROypsoO5qe,https://api.spotify.com/v1/audio-analysis/5MxNLUsfh7uzROypsoO5qe,266960,4,5
3ix6K4wZY29bCujrSznwFZ,Let's Dance - 2018 Remaster,David Bowie,Let's Dance (2018 Remaster),1983-04-14,day,73,457675,False,0.654,0.743,10,-7.44,0,0.0605,0.0125,0.0272,0.153,0.632,114.846,audio_features,spotify:track:3ix6K4wZY29bCujrSznwFZ,https://api.spotify.com/v1/tracks/3ix6K4wZY29bCujrSznwFZ,https://api.spotify.com/v1/audio-analysis/3ix6K4wZY29bCujrSznwFZ,457676,4,12
3INsYP1Y8GG4qJvBsKCdXC,Don't Stop Me Now - ...Revisited,Queen,Bohemian Rhapsody (The Original Soundtrack),2018-10-19,day,67,217824,False,0.465,0.917,5,-6.331,1,0.237,0.0152,0.02,0.286,0.39,155.061,audio_features,spotify:track:3INsYP1Y8GG4qJvBsKCdXC,https://api.spotify.com/v1/tracks/3INsYP1Y8GG4qJvBsKCdXC,https://api.spotify.com/v1/audio-analysis/3INsYP1Y8GG4qJvBsKCdXC,217824,4,5
70LcF31zb1H0PyJoS1Sx1r,Creep,Radiohead,Pablo Honey,1993-02-22,day,89,238640,True,0.515,0.43,7,-9.935,1,0.0372,0.0097,0.000133,0.129,0.104,91.844,audio_features,spotify:track:70LcF31zb1H0PyJoS1Sx1r,https://api.spotify.com/v1/tracks/70LcF31zb1H0PyJoS1Sx1r,https://api.spotify.com/v1/audio-analysis/70LcF31zb1H0PyJoS1Sx1r,238640,4,11
4mWahKerLaVddUjb8d1Q4Q,The Man Who Sold the World - 2015 Remaster,David Bowie,The Man Who Sold the World (2015 Remaster),1970-11-04,day,66,241346,False,0.474,0.387,2,-14.416,0,0.0305,0.642,0.00557,0.143,0.545,118.486,audio_features,spotify:track:4mWahKerLaVddUjb8d1Q4Q,https://api.spotify.com/v1/tracks/4mWahKerLaVddUjb8d1Q4Q,https://api.spotify.com/v1/audio-analysis/4mWahKerLaVddUjb8d1Q4Q,241347,4,8
2fuCquhmrzHpu5xcA1ci9x,Under Pressure - Remastered 2011,Queen,Hot Space (2011 Remaster),1982-05-03,day,83,248440,False,0.671,0.712,2,-7.815,1,0.0476,0.429,0.0,0.103,0.462,113.805,audio_features,spotify:track:2fuCquhmrzHpu5xcA1ci9x,https://api.spotify.com/v1/tracks/2fuCquhmrzHpu5xcA1ci9x,https://api.spotify.com/v1/audio-analysis/2fuCquhmrzHpu5xcA1ci9x,248440,4,9
0TI8TP4FitVPoEHPTySx48,Iron Man,Black Sabbath,Paranoid (2009 Remastered Version),1970-09-18,day,64,354773,False,0.332,0.769,9,-11.503,1,0.0765,0.00367,0.00413,0.0372,0.525,157.378,audio_features,spotify:track:0TI8TP4FitVPoEHPTySx48,https://api.spotify.com/v1/tracks/0TI8TP4FitVPoEHPTySx48,https://api.spotify.com/v1/audio-analysis/0TI8TP4FitVPoEHPTySx48,354774,4,10
4BVE5tIIpYabZcYCbephNW,Touch Me,The Doors,The Soft Parade,1969-07-21,day,67,190253,False,0.425,0.903,1,-4.801,1,0.0732,0.405,0.0128,0.117,0.769,108.748,audio_features,spotify:track:4BVE5tIIpYabZcYCbephNW,https://api.spotify.com/v1/tracks/4BVE5tIIpYabZcYCbephNW,https://api.spotify.com/v1/audio-analysis/4BVE5tIIpYabZcYCbephNW,190253,4,9
0pQskrTITgmCMyr85tb9qq,Starman - 2012 Remaster,David Bowie,The Rise and Fall of Ziggy Stardust and the Spiders from Mars (2012 Remaster),1972-06-06,day,80,254293,False,0.486,0.449,5,-10.298,1,0.0267,0.166,2.23e-06,0.54,0.549,100.456,audio_features,spotify:track:0pQskrTITgmCMyr85tb9qq,https://api.spotify.com/v1/tracks/0pQskrTITgmCMyr85tb9qq,https://api.spotify.com/v1/audio-analysis/0pQskrTITgmCMyr85tb9qq,254293,4,9
4vhVDkSx9RSb2k6mWFMYNI,You're My Best Friend - Remastered 2011,Queen,A Night At The Opera (2011 Remaster),1975-11-21,day,72,170786,False,0.51,0.76,0,-6.995,1,0.0411,0.148,0.0116,0.0706,0.55,118.829,audio_features,spotify:track:4vhVDkSx9RSb2k6mWFMYNI,https://api.spotify.com/v1/tracks/4vhVDkSx9RSb2k6mWFMYNI,https://api.spotify.com/v1/audio-analysis/4vhVDkSx9RSb2k6mWFMYNI,170787,4,9
1jzDzZWeSDBg5fhNc3tczV,Paranoid,Black Sabbath,Paranoid (2009 Remastered Version),1970-09-18,day,74,168440,False,0.429,0.631,4,-11.514,0,0.0769,7.85e-05,0.00411,0.175,0.376,162.734,audio_features,spotify:track:1jzDzZWeSDBg5fhNc3tczV,https://api.spotify.com/v1/tracks/1jzDzZWeSDBg5fhNc3tczV,https://api.spotify.com/v1/audio-analysis/1jzDzZWeSDBg5fhNc3tczV,168440,4,0
3evG0BIqEFMMP7lVJh1cSf,Don't Let Me Down - Remastered 2009,The Beatles,The Beatles 1967 - 1970 (Remastered),1973-04-02,day,70,215733,False,0.593,0.289,4,-11.049,1,0.0259,0.568,0.000829,0.0928,0.733,77.119,audio_features,spotify:track:3evG0BIqEFMMP7lVJh1cSf,https://api.spotify.com/v1/tracks/3evG0BIqEFMMP7lVJh1cSf,https://api.spotify.com/v1/audio-analysis/3evG0BIqEFMMP7lVJh1cSf,215733,4,9
7ACxUo21jtTHzy7ZEV56vU,Crazy Train,Ozzy Osbourne,Blizzard Of Ozz (40th Anniversary Expanded Edition),2020-09-18,day,80,293183,False,0.454,0.913,9,-4.008,1,0.107,0.408,0.000271,0.248,0.521,137.688,audio_features,spotify:track:7ACxUo21jtTHzy7ZEV56vU,https://api.spotify.com/v1/tracks/7ACxUo21jtTHzy7ZEV56vU,https://api.spotify.com/v1/audio-analysis/7ACxUo21jtTHzy7ZEV56vU,293183,4,10
5CTAcf8aS0a0sIsDwQRF9C,Bicycle Race - Remastered 2011,Queen,Jazz (2011 Remaster),1978-11-10,day,63,180813,False,0.463,0.671,3,-6.438,1,0.0683,0.0626,0.0,0.0947,0.633,84.28,audio_features,spotify:track:5CTAcf8aS0a0sIsDwQRF9C,https://api.spotify.com/v1/tracks/5CTAcf8aS0a0sIsDwQRF9C,https://api.spotify.com/v1/audio-analysis/5CTAcf8aS0a0sIsDwQRF9C,180813,4,9
3YRCqOhFifThpSRFJ1VWFM,November Rain,Guns N' Roses,Use Your Illusion I,1991-09-17,day,82,536066,False,0.294,0.641,11,-9.316,1,0.0291,0.0163,0.22,0.112,0.226,79.759,audio_features,spotify:track:3YRCqOhFifThpSRFJ1VWFM,https://api.spotify.com/v1/tracks/3YRCqOhFifThpSRFJ1VWFM,https://api.spotify.com/v1/audio-analysis/3YRCqOhFifThpSRFJ1VWFM,536067,4,10
1GcVa4jFySlun4jLSuMhiq,Angie - Remastered 2009,The Rolling Stones,Goats Head Soup (Remastered 2009),1973-08-31,day,75,272000,False,0.429,0.554,9,-6.128,0,0.0291,0.67,0.000152,0.105,0.407,136.302,audio_features,spotify:track:1GcVa4jFySlun4jLSuMhiq,https://api.spotify.com/v1/tracks/1GcVa4jFySlun4jLSuMhiq,https://api.spotify.com/v1/audio-analysis/1GcVa4jFySlun4jLSuMhiq,272000,4,8
72Z17vmmeQKAg8bptWvpVG,Space Oddity - 2015 Remaster,David Bowie,David Bowie (aka Space Oddity) [2015 Remaster],1969-11-04,day,73,318026,False,0.31,0.403,0,-13.664,1,0.0326,0.0726,9.27e-05,0.139,0.466,134.48,audio_features,spotify:track:72Z17vmmeQKAg8bptWvpVG,https://api.spotify.com/v1/tracks/72Z17vmmeQKAg8bptWvpVG,https://api.spotify.com/v1/audio-analysis/72Z17vmmeQKAg8bptWvpVG,318027,4,9
1nQRg9q9uwALGzouOX5OyQ,Radio Ga Ga - Remastered 2011,Queen,The Works (2011 Remaster),1984-02-27,day,76,348226,False,0.744,0.502,5,-7.719,1,0.0359,0.183,0.000228,0.189,0.66,112.344,audio_features,spotify:track:1nQRg9q9uwALGzouOX5OyQ,https://api.spotify.com/v1/tracks/1nQRg9q9uwALGzouOX5OyQ,https://api.spotify.com/v1/audio-analysis/1nQRg9q9uwALGzouOX5OyQ,348227,4,9
6pOtevbJiegcnGEThaYFd7,Some of These Days,Calacas Jazz Band,Gracias por Cooperar,2010-01-01,day,16,466453,False,0.48,0.464,2,-5.855,0,0.0635,0.525,0.00639,0.0568,0.618,200.004,audio_features,spotify:track:6pOtevbJiegcnGEThaYFd7,https://api.spotify.com/v1/tracks/6pOtevbJiegcnGEThaYFd7,https://api.spotify.com/v1/audio-analysis/6pOtevbJiegcnGEThaYFd7,466453,4,0
1ExMooKBB1cJh4q6VdT4Rq,Fantoche a la Realidad,La Orquesta Vulgar,La Víctima del Caníbal,2015-10-24,day,6,614666,False,0.519,0.372,4,-17.415,0,0.142,0.481,0.769,0.153,0.35,166.945,audio_features,spotify:track:1ExMooKBB1cJh4q6VdT4Rq,https://api.spotify.com/v1/tracks/1ExMooKBB1cJh4q6VdT4Rq,https://api.spotify.com/v1/audio-analysis/1ExMooKBB1cJh4q6VdT4Rq,614667,3,6
3pRaLNL3b8x5uBOcsgvdqM,Hallelujah,Jeff Buckley,Grace,1994,year,72,413826,False,0.324,0.136,0,-10.33,1,0.0318,0.931,0.00117,0.176,0.0831,97.256,audio_features,spotify:track:3pRaLNL3b8x5uBOcsgvdqM,https://api.spotify.com/v1/tracks/3pRaLNL3b8x5uBOcsgvdqM,https://api.spotify.com/v1/audio-analysis/3pRaLNL3b8x5uBOcsgvdqM,413827,3,2
2gaN1NWKJEpQVAKk8FKwOe,"Unchained Melody (Bonus Track) - Live at Ann Arbor, MI",Elvis Presley,Elvis 30 #1 Hits (Expanded Edition),2022-02-18,day,57,151906,False,0.214,0.266,0,-13.703,1,0.0359,0.846,0.00171,0.795,0.16,82.096,audio_features,spotify:track:2gaN1NWKJEpQVAKk8FKwOe,https://api.spotify.com/v1/tracks/2gaN1NWKJEpQVAKk8FKwOe,https://api.spotify.com/v1/audio-analysis/2gaN1NWKJEpQVAKk8FKwOe,151907,4,2
5qGavrnGfH766WNp5pZXS2,Gimme All Your Love,Alabama Shakes,Sound & Color,2015-04-21,day,45,243466,False,0.392,0.57,11,-5.249,0,0.0466,0.204,0.299,0.385,0.191,105.468,audio_features,spotify:track:5qGavrnGfH766WNp5pZXS2,https://api.spotify.com/v1/tracks/5qGavrnGfH766WNp5pZXS2,https://api.spotify.com/v1/audio-analysis/5qGavrnGfH766WNp5pZXS2,243467,3,7
