danceability,energy,key,loudness,mode,speechiness,acousticness,instrumentalness,liveness,valence,tempo,type,id,uri,track_href,analysis_url,duration_ms,time_signature
0.438,0.796,4,-4.246,1,0.0745,0.163,0.597,0.168,0.824,97.926,audio_features,1o597QjfCG2jZRVYUxXUpv,spotify:track:1o597QjfCG2jZRVYUxXUpv,https://api.spotify.com/v1/tracks/1o597QjfCG2jZRVYUxXUpv,https://api.spotify.com/v1/audio-analysis/1o597QjfCG2jZRVYUxXUpv,249600,4
0.615,0.586,0,-9.846,1,0.0339,0.163,1.11e-06,0.145,0.763,130.221,audio_features,4J0phvYcKa1Hr1EBwH0pu3,spotify:track:4J0phvYcKa1Hr1EBwH0pu3,https://api.spotify.com/v1/tracks/4J0phvYcKa1Hr1EBwH0pu3,https://api.spotify.com/v1/audio-analysis/4J0phvYcKa1Hr1EBwH0pu3,206933,4
0.466,0.632,6,-6.94,1,0.0326,0.465,0.000256,0.135,0.246,68.893,audio_features,5sVf9kN90ScddiT3SdT9Qh,spotify:track:5sVf9kN90ScddiT3SdT9Qh,https://api.spotify.com/v1/tracks/5sVf9kN90ScddiT3SdT9Qh,https://api.spotify.com/v1/audio-analysis/5sVf9kN90ScddiT3SdT9Qh,259907,4
0.507,0.647,9,-11.035,0,0.0425,0.0168,0.000369,0.103,0.559,117.413,audio_features,4t2dUobtoXRlqxz2pIxp71,spotify:track:4t2dUobtoXRlqxz2pIxp71,https://api.spotify.com/v1/tracks/4t2dUobtoXRlqxz2pIxp71,https://api.spotify.com/v1/audio-analysis/4t2dUobtoXRlqxz2pIxp71,218314,4
0.699,0.467,4,-8.578,0,0.0375,0.685,0.0,0.315,0.764,119.287,audio_features,1Jmqubf9kGkWeYQXQKImL5,spotify:track:1Jmqubf9kGkWeYQXQKImL5,https://api.spotify.com/v1/tracks/1Jmqubf9kGkWeYQXQKImL5,https://api.spotify.com/v1/audio-analysis/1Jmqubf9kGkWeYQXQKImL5,130173,4
0.614,0.872,2,-6.168,1,0.105,0.0123,0.0,0.0375,0.768,139.698,audio_features,4vtaM6xsM7V8R1sJseCWHu,spotify:track:4vtaM6xsM7V8R1sJseCWHu,https://api.spotify.com/v1/tracks/4vtaM6xsM7V8R1sJseCWHu,https://api.spotify.com/v1/audio-analysis/4vtaM6xsM7V8R1sJseCWHu,184867,4
0.454,0.913,9,-4.008,1,0.107,0.408,0.000271,0.248,0.521,137.688,audio_features,7ACxUo21jtTHzy7ZEV56vU,spotify:track:7ACxUo21jtTHzy7ZEV56vU,https://api.spotify.com/v1/tracks/7ACxUo21jtTHzy7ZEV56vU,https://api.spotify.com/v1/audio-analysis/7ACxUo21jtTHzy7ZEV56vU,293183,4
0.709,0.305,9,-14.809,0,0.0397,0.687,0.0,0.265,0.483,118.821,audio_features,5Q2Im8o4RthlAMkvUMYwGj,spotify:track:5Q2Im8o4RthlAMkvUMYwGj,https://api.spotify.com/v1/tracks/5Q2Im8o4RthlAMkvUMYwGj,https://api.spotify.com/v1/audio-analysis/5Q2Im8o4RthlAMkvUMYwGj,169533,4
0.303,0.9,2,-2.352,0,0.0574,0.0277,0.635,0.11,0.491,149.508,audio_features,0LtOwyZoSNZKJWHqjzADpW,spotify:track:0LtOwyZoSNZKJWHqjzADpW,https://api.spotify.com/v1/tracks/0LtOwyZoSNZKJWHqjzADpW,https://api.spotify.com/v1/audio-analysis/0LtOwyZoSNZKJWHqjzADpW,192960,4
0.615,0.823,1,-9.39,1,0.0314,0.436,7.04e-05,0.171,0.921,135.093,audio_features,267BsRG0aX8LfeHsvCOdFA,spotify:track:267BsRG0aX8LfeHsvCOdFA,https://api.spotify.com/v1/tracks/267BsRG0aX8LfeHsvCOdFA,https://api.spotify.com/v1/audio-analysis/267BsRG0aX8LfeHsvCOdFA,191560,4
0.401,0.937,2,-6.243,0,0.164,0.0762,0.00154,0.269,0.696,148.036,audio_features,11dn3mAagE0hOvd35rBNeV,spotify:track:11dn3mAagE0hOvd35rBNeV,https://api.spotify.com/v1/tracks/11dn3mAagE0hOvd35rBNeV,https://api.spotify.com/v1/audio-analysis/11dn3mAagE0hOvd35rBNeV,342520,4
0.612,0.735,8,-5.074,0,0.0282,0.00202,0.00118,0.328,0.783,126.326,audio_features,0mav6n8nq1QYVecjGNO472,spotify:track:0mav6n8nq1QYVecjGNO472,https://api.spotify.com/v1/tracks/0mav6n8nq1QYVecjGNO472,https://api.spotify.com/v1/audio-analysis/0mav6n8nq1QYVecjGNO472,226053,4
0.474,0.418,0,-9.654,1,0.0299,0.514,0.000343,0.0535,0.504,83.308,audio_features,3L60Vu9qmY6fg2QroRIxgi,spotify:track:3L60Vu9qmY6fg2QroRIxgi,https://api.spotify.com/v1/tracks/3L60Vu9qmY6fg2QroRIxgi,https://api.spotify.com/v1/audio-analysis/3L60Vu9qmY6fg2QroRIxgi,238600,3
0.465,0.917,5,-6.331,1,0.237,0.0152,0.02,0.286,0.39,155.061,audio_features,3INsYP1Y8GG4qJvBsKCdXC,spotify:track:3INsYP1Y8GG4qJvBsKCdXC,https://api.spotify.com/v1/tracks/3INsYP1Y8GG4qJvBsKCdXC,https://api.spotify.com/v1/audio-analysis/3INsYP1Y8GG4qJvBsKCdXC,217824,4
0.393,0.364,5,-10.945,0,0.0345,0.0021,0.0703,0.121,0.308,118.566,audio_features,1SDiiE3v2z89VxC3aVRKHQ,spotify:track:1SDiiE3v2z89VxC3aVRKHQ,https://api.spotify.com/v1/tracks/1SDiiE3v2z89VxC3aVRKHQ,https://api.spotify.com/v1/audio-analysis/1SDiiE3v2z89VxC3aVRKHQ,444148,3
0.59,0.42,2,-8.668,1,0.0411,0.831,0.000734,0.207,0.519,89.954,audio_features,4Jw6ENp38dMtW97Ll0BkZz,spotify:track:4Jw6ENp38dMtW97Ll0BkZz,https://api.spotify.com/v1/tracks/4Jw6ENp38dMtW97Ll0BkZz,https://api.spotify.com/v1/audio-analysis/4Jw6ENp38dMtW97Ll0BkZz,211796,4
0.515,0.43,7,-9.935,1,0.0372,0.0097,0.000133,0.129,0.104,91.844,audio_features,70LcF31zb1H0PyJoS1Sx1r,spotify:track:70LcF31zb1H0PyJoS1Sx1r,https://api.spotify.com/v1/tracks/70LcF31zb1H0PyJoS1Sx1r,https://api.spotify.com/v1/audio-analysis/70LcF31zb1H0PyJoS1Sx1r,238640,4
0.582,0.819,9,-8.092,0,0.0345,0.000283,0.0167,0.0996,0.394,119.513,audio_features,0R9GrbRcpBRdwDlVPj2wEQ,spotify:track:0R9GrbRcpBRdwDlVPj2wEQ,https://api.spotify.com/v1/tracks/0R9GrbRcpBRdwDlVPj2wEQ,https://api.spotify.com/v1/audio-analysis/0R9GrbRcpBRdwDlVPj2wEQ,407773,4
0.721,0.85,9,-8.214,1,0.0331,0.19,0.00386,0.078,0.873,142.082,audio_features,7w4ojcH8NJ4LBmJZhSBTcT,spotify:track:7w4ojcH8NJ4LBmJZhSBTcT,https://api.spotify.com/v1/tracks/7w4ojcH8NJ4LBmJZhSBTcT,https://api.spotify.com/v1/audio-analysis/7w4ojcH8NJ4LBmJZhSBTcT,274000,4
0.156,0.242,2,-10.525,1,0.0314,0.901,0.868,0.119,0.0387,173.059,audio_features,6Rrzqp3mp0Gh613Tg2XlNI,spotify:track:6Rrzqp3mp0Gh613Tg2XlNI,https://api.spotify.com/v1/tracks/6Rrzqp3mp0Gh613Tg2XlNI,https://api.spotify.com/v1/audio-analysis/6Rrzqp3mp0Gh613Tg2XlNI,277913,3
0.388,0.356,5,-11.187,0,0.0348,0.00216,0.0762,0.139,0.338,118.199,audio_features,3Wunwn44wcWRNB4zb03AvA,spotify:track:3Wunwn44wcWRNB4zb03AvA,https://api.spotify.com/v1/tracks/3Wunwn44wcWRNB4zb03AvA,https://api.spotify.com/v1/audio-analysis/3Wunwn44wcWRNB4zb03AvA,444800,3
0.654,0.743,10,-7.44,0,0.0605,0.0125,0.0272,0.153,0.632,114.846,audio_features,3ix6K4wZY29bCujrSznwFZ,spotify:track:3ix6K4wZY29bCujrSznwFZ,https://api.spotify.com/v1/tracks/3ix6K4wZY29bCujrSznwFZ,https://api.spotify.com/v1/audio-analysis/3ix6K4wZY29bCujrSznwFZ,457676,4
0.336,0.787,10,-8.803,0,0.0732,0.0793,0.0648,0.32,0.383,140.003,audio_features,6i4Qi1mJxXjqNIL9HfJhRs,spotify:track:6i4Qi1mJxXjqNIL9HfJhRs,https://api.spotify.com/v1/tracks/6i4Qi1mJxXjqNIL9HfJhRs,https://api.spotify.com/v1/audio-analysis/6i4Qi1mJxXjqNIL9HfJhRs,462093,4
0.306,0.253,8,-11.177,1,0.0294,0.728,4.89e-05,0.138,0.171,83.175,audio_features,1Gv6f7m5ZNDcInxGA8PsLS,spotify:track:1Gv6f7m5ZNDcInxGA8PsLS,https://api.spotify.com/v1/tracks/1Gv6f7m5ZNDcInxGA8PsLS,https://api.spotify.com/v1/audio-analysis/1Gv6f7m5ZNDcInxGA8PsLS,231507,4
0.359,0.762,11,-8.323,1,0.032,0.0105,0.281,0.368,0.167,89.259,audio_features,3s03nrUInN3NAVjQtmnS0O,spotify:track:3s03nrUInN3NAVjQtmnS0O,https://api.spotify.com/v1/tracks/3s03nrUInN3NAVjQtmnS0O,https://api.spotify.com/v1/audio-analysis/3s03nrUInN3NAVjQtmnS0O,563893,4
0.262,0.777,11,-8.671,1,0.0632,0.0109,0.113,0.12,0.264,152.5,audio_features,0rFWuqFgHAfuzE8uSB9TWR,spotify:track:0rFWuqFgHAfuzE8uSB9TWR,https://api.spotify.com/v1/tracks/0rFWuqFgHAfuzE8uSB9TWR,https://api.spotify.com/v1/audio-analysis/0rFWuqFgHAfuzE8uSB9TWR,182733,4
0.251,0.848,5,-6.501,1,0.0579,0.0377,0.00591,0.0545,0.207,163.709,audio_features,6LgJvl0Xdtc73RJ1mmpotq,spotify:track:6LgJvl0Xdtc73RJ1mmpotq,https://api.spotify.com/v1/tracks/6LgJvl0Xdtc73RJ1mmpotq,https://api.spotify.com/v1/audio-analysis/6LgJvl0Xdtc73RJ1mmpotq,387213,4
0.584,0.847,6,-5.688,0,0.0393,0.0597,0.000647,0.0902,0.805,133.087,audio_features,3Jkj0MlvVlggnWnLndsvWb,spotify:track:3Jkj0MlvVlggnWnLndsvWb,https://api.spotify.com/v1/tracks/3Jkj0MlvVlggnWnLndsvWb,https://api.spotify.com/v1/audio-analysis/3Jkj0MlvVlggnWnLndsvWb,311773,4
0.532,0.459,9,-10.329,1,0.0307,0.172,6.61e-05,0.0472,0.597,98.196,audio_features,42dsUTJpzMWUJfEkzsbKWl,spotify:track:42dsUTJpzMWUJfEkzsbKWl,https://api.spotify.com/v1/tracks/42dsUTJpzMWUJfEkzsbKWl,https://api.spotify.com/v1/audio-analysis/42dsUTJpzMWUJfEkzsbKWl,659267,4
0.651,0.894,9,-6.63,0,0.0374,0.193,2.03e-06,0.103,0.865,120.023,audio_features,55G2VJnSHidnQxyr0AaVSk,spotify:track:55G2VJnSHidnQxyr0AaVSk,https://api.spotify.com/v1/tracks/55G2VJnSHidnQxyr0AaVSk,https://api.spotify.com/v1/audio-analysis/55G2VJnSHidnQxyr0AaVSk,233493,4
0.546,0.867,11,-4.235,0,0.0354,0.0256,0.000229,0.221,0.189,127.988,audio_features,64SIlhd3BaHCCMSfajXG7l,spotify:track:64SIlhd3BaHCCMSfajXG7l,https://api.spotify.com/v1/tracks/64SIlhd3BaHCCMSfajXG7l,https://api.spotify.com/v1/audio-analysis/64SIlhd3BaHCCMSfajXG7l,322040,4
0.628,0.762,9,-5.286,1,0.03,0.348,0.0,0.774,0.809,90.012,audio_features,4wXjnoLIMTninCnKRgGsQc,spotify:track:4wXjnoLIMTninCnKRgGsQc,https://api.spotify.com/v1/tracks/4wXjnoLIMTninCnKRgGsQc,https://api.spotify.com/v1/audio-analysis/4wXjnoLIMTninCnKRgGsQc,234986,4
0.43,0.665,4,-9.681,1,0.139,0.406,0.000108,0.409,0.542,160.859,audio_features,3V3MQOlQqq8SZ7BcoN4QCn,spotify:track:3V3MQOlQqq8SZ7BcoN4QCn,https://api.spotify.com/v1/tracks/3V3MQOlQqq8SZ7BcoN4QCn,https://api.spotify.com/v1/audio-analysis/3V3MQOlQqq8SZ7BcoN4QCn,266240,4
0.761,0.807,0,-5.108,1,0.0326,0.17,2.96e-05,0.34,0.847,128.813,audio_features,4F8BhnU4ymPIVQFGK7eJcY,spotify:track:4F8BhnU4ymPIVQFGK7eJcY,https://api.spotify.com/v1/tracks/4F8BhnU4ymPIVQFGK7eJcY,https://api.spotify.com/v1/audio-analysis/4F8BhnU4ymPIVQFGK7eJcY,215507,4
0.558,0.725,9,-8.831,1,0.0588,0.0322,1.78e-05,0.326,0.787,131.177,audio_features,0kl7aqrHR89YHbV6pzXaZO,spotify:track:0kl7aqrHR89YHbV6pzXaZO,https://api.spotify.com/v1/tracks/0kl7aqrHR89YHbV6pzXaZO,https://api.spotify.com/v1/audio-analysis/0kl7aqrHR89YHbV6pzXaZO,306640,4
0.463,0.671,3,-6.438,1,0.0683,0.0626,0.0,0.0947,0.633,84.28,audio_features,5CTAcf8aS0a0sIsDwQRF9C,spotify:track:5CTAcf8aS0a0sIsDwQRF9C,https://api.spotify.com/v1/tracks/5CTAcf8aS0a0sIsDwQRF9C,https://api.spotify.com/v1/audio-analysis/5CTAcf8aS0a0sIsDwQRF9C,180813,4
0.441,0.726,6,-8.659,1,0.0377,0.0855,1.08e-05,0.137,0.328,139.562,audio_features,2lU2VI066HaPGyKTh6ANvI,spotify:track:2lU2VI066HaPGyKTh6ANvI,https://api.spotify.com/v1/tracks/2lU2VI066HaPGyKTh6ANvI,https://api.spotify.com/v1/audio-analysis/2lU2VI066HaPGyKTh6ANvI,246373,4
0.429,0.631,4,-11.514,0,0.0769,7.85e-05,0.00411,0.175,0.376,162.734,audio_features,1jzDzZWeSDBg5fhNc3tczV,spotify:track:1jzDzZWeSDBg5fhNc3tczV,https://api.spotify.com/v1/tracks/1jzDzZWeSDBg5fhNc3tczV,https://api.spotify.com/v1/audio-analysis/1jzDzZWeSDBg5fhNc3tczV,168440,4
0.556,0.393,0,-10.427,1,0.0319,0.649,0.0,0.292,0.604,98.226,audio_features,1gd7Q7mxviLWkG5HgvAMAc,spotify:track:1gd7Q7mxviLWkG5HgvAMAc,https://api.spotify.com/v1/tracks/1gd7Q7mxviLWkG5HgvAMAc,https://api.spotify.com/v1/audio-analysis/1gd7Q7mxviLWkG5HgvAMAc,198040,4
0.738,0.8,11,-3.366,0,0.0283,0.043,0.0543,0.595,0.532,122.858,audio_features,65DBZofI0b79kfHTcWWDuU,spotify:track:65DBZofI0b79kfHTcWWDuU,https://api.spotify.com/v1/tracks/65DBZofI0b79kfHTcWWDuU,https://api.spotify.com/v1/audio-analysis/65DBZofI0b79kfHTcWWDuU,200800,4
0.484,0.609,2,-8.81,1,0.0483,0.448,0.0007,0.0415,0.61,80.483,audio_features,5v2vkoTamoisazJFanHJjk,spotify:track:5v2vkoTamoisazJFanHJjk,https://api.spotify.com/v1/tracks/5v2vkoTamoisazJFanHJjk,https://api.spotify.com/v1/audio-analysis/5v2vkoTamoisazJFanHJjk,517120,3
0.365,0.67,9,-10.014,1,0.0386,0.00142,0.892,0.111,0.4,128.488,audio_features,2HD5BWFthrNf2uFyEhi53d,spotify:track:2HD5BWFthrNf2uFyEhi53d,https://api.spotify.com/v1/tracks/2HD5BWFthrNf2uFyEhi53d,https://api.spotify.com/v1/audio-analysis/2HD5BWFthrNf2uFyEhi53d,507227,4
0.548,0.552,4,-8.536,0,0.0339,0.00463,0.737,0.0953,0.629,106.071,audio_features,1BJQdsPAiG3Sd300ZoWFYC,spotify:track:1BJQdsPAiG3Sd300ZoWFYC,https://api.spotify.com/v1/tracks/1BJQdsPAiG3Sd300ZoWFYC,https://api.spotify.com/v1/audio-analysis/1BJQdsPAiG3Sd300ZoWFYC,248253,4
0.725,0.594,4,-6.136,0,0.0733,0.245,0.000731,0.109,0.44,134.041,audio_features,1DCWaaJQNZwDrTyDKCE4a2,spotify:track:1DCWaaJQNZwDrTyDKCE4a2,https://api.spotify.com/v1/tracks/1DCWaaJQNZwDrTyDKCE4a2,https://api.spotify.com/v1/audio-analysis/1DCWaaJQNZwDrTyDKCE4a2,338293,4
0.48,0.464,2,-5.855,0,0.0635,0.525,0.00639,0.0568,0.618,200.004,audio_features,6pOtevbJiegcnGEThaYFd7,spotify:track:6pOtevbJiegcnGEThaYFd7,https://api.spotify.com/v1/tracks/6pOtevbJiegcnGEThaYFd7,https://api.spotify.com/v1/audio-analysis/6pOtevbJiegcnGEThaYFd7,466453,4
0.313,0.42,10,-9.806,1,0.0303,0.797,2.35e-06,0.126,0.339,178.711,audio_features,0gWvVB4bGvADocoPMEDy3K,spotify:track:0gWvVB4bGvADocoPMEDy3K,https://api.spotify.com/v1/tracks/0gWvVB4bGvADocoPMEDy3K,https://api.spotify.com/v1/audio-analysis/0gWvVB4bGvADocoPMEDy3K,152000,4
0.446,0.97,9,-5.004,0,0.0508,0.00754,0.000275,0.199,0.595,94.233,audio_features,2SrVGpjv0mqCR6j9EZPSm2,spotify:track:2SrVGpjv0mqCR6j9EZPSm2,https://api.spotify.com/v1/tracks/2SrVGpjv0mqCR6j9EZPSm2,https://api.spotify.com/v1/audio-analysis/2SrVGpjv0mqCR6j9EZPSm2,363587,4
0.453,0.981,9,-3.44,1,0.0933,0.0094,0.0015,0.0619,0.566,161.84,audio_features,2H9bGBCVI7pK9qbSkbQI2L,spotify:track:2H9bGBCVI7pK9qbSkbQI2L,https://api.spotify.com/v1/tracks/2H9bGBCVI7pK9qbSkbQI2L,https://api.spotify.com/v1/audio-analysis/2H9bGBCVI7pK9qbSkbQI2L,262467,4
0.34,0.623,8,-9.643,0,0.0568,0.0623,0.0143,0.0881,0.197,132.719,audio_features,4deOMevnxrmSgEi1KE25Ka,spotify:track:4deOMevnxrmSgEi1KE25Ka,https://api.spotify.com/v1/tracks/4deOMevnxrmSgEi1KE25Ka,https://api.spotify.com/v1/audio-analysis/4deOMevnxrmSgEi1KE25Ka,314240,4
0.41,0.929,6,-5.884,1,0.0354,0.0273,0.0013,0.12,0.554,138.462,audio_features,7xki0BmuOllyquWqjhETyr,spotify:track:7xki0BmuOllyquWqjhETyr,https://api.spotify.com/v1/tracks/7xki0BmuOllyquWqjhETyr,https://api.spotify.com/v1/audio-analysis/7xki0BmuOllyquWqjhETyr,261373,4
0.531,0.665,4,-8.028,0,0.025,0.0145,0.655,0.109,0.196,100.04,audio_features,73e9GwB16rjd2OTT1TiXCm,spotify:track:73e9GwB16rjd2OTT1TiXCm,https://api.spotify.com/v1/tracks/73e9GwB16rjd2OTT1TiXCm,https://api.spotify.com/v1/audio-analysis/73e9GwB16rjd2OTT1TiXCm,530240,4
0.659,0.846,7,-5.508,1,0.0274,0.0318,0.0144,0.203,0.659,107.01,audio_features,2PFIZFcGry0po3ZfRZkzKc,spotify:track:2PFIZFcGry0po3ZfRZkzKc,https://api.spotify.com/v1/tracks/2PFIZFcGry0po3ZfRZkzKc,https://api.spotify.com/v1/audio-analysis/2PFIZFcGry0po3ZfRZkzKc,354636,4
0.611,0.792,4,-7.546,0,0.0394,0.00115,0.714,0.165,0.89,95.021,audio_features,1NzJh6JmbK7MOr7KHuXjM8,spotify:track:1NzJh6JmbK7MOr7KHuXjM8,https://api.spotify.com/v1/tracks/1NzJh6JmbK7MOr7KHuXjM8,https://api.spotify.com/v1/audio-analysis/1NzJh6JmbK7MOr7KHuXjM8,210040,4
0.467,0.643,6,-4.501,0,0.0328,0.000542,0.0405,0.334,0.153,120.064,audio_features,3RuIhrs6JiJOBQDLtqiJXs,spotify:track:3RuIhrs6JiJOBQDLtqiJXs,https://api.spotify.com/v1/tracks/3RuIhrs6JiJOBQDLtqiJXs,https://api.spotify.com/v1/audio-analysis/3RuIhrs6JiJOBQDLtqiJXs,271760,4
0.7,0.747,7,-6.341,1,0.0531,0.0783,1.18e-05,0.0681,0.82,98.946,audio_features,0hLkWUECYBHJrzWzdwBiFN,spotify:track:0hLkWUECYBHJrzWzdwBiFN,https://api.spotify.com/v1/tracks/0hLkWUECYBHJrzWzdwBiFN,https://api.spotify.com/v1/audio-analysis/0hLkWUECYBHJrzWzdwBiFN,262067,4
0.822,0.663,7,-8.286,1,0.0323,0.756,0.000133,0.1,0.92,130.003,audio_features,3ERkk5sP7HE27jONhN75z6,spotify:track:3ERkk5sP7HE27jONhN75z6,https://api.spotify.com/v1/tracks/3ERkk5sP7HE27jONhN75z6,https://api.spotify.com/v1/audio-analysis/3ERkk5sP7HE27jONhN75z6,242973,4
0.803,0.851,5,-5.102,1,0.0451,0.197,2.37e-06,0.0795,0.936,125.225,audio_features,46lIx69EL4rkLtlfqoomyw,spotify:track:46lIx69EL4rkLtlfqoomyw,https://api.spotify.com/v1/tracks/46lIx69EL4rkLtlfqoomyw,https://api.spotify.com/v1/audio-analysis/46lIx69EL4rkLtlfqoomyw,210427,4
0.338,0.113,7,-18.267,0,0.0384,0.981,0.172,0.108,0.211,103.745,audio_features,0R78Gcspaf108Pmg7L99gs,spotify:track:0R78Gcspaf108Pmg7L99gs,https://api.spotify.com/v1/tracks/0R78Gcspaf108Pmg7L99gs,https://api.spotify.com/v1/audio-analysis/0R78Gcspaf108Pmg7L99gs,447173,4
0.58,0.732,9,-4.702,1,0.0271,0.0331,0.684,0.137,0.664,106.114,audio_features,3aZBqJCnEESRFEgYyzLTc7,spotify:track:3aZBqJCnEESRFEgYyzLTc7,https://api.spotify.com/v1/tracks/3aZBqJCnEESRFEgYyzLTc7,https://api.spotify.com/v1/audio-analysis/3aZBqJCnEESRFEgYyzLTc7,224547,4
0.453,0.935,3,-8.49,1,0.0513,0.167,0.03,0.513,0.308,103.479,audio_features,2dyfo7lqKI7NtSAhUZwnoJ,spotify:track:2dyfo7lqKI7NtSAhUZwnoJ,https://api.spotify.com/v1/tracks/2dyfo7lqKI7NtSAhUZwnoJ,https://api.spotify.com/v1/audio-analysis/2dyfo7lqKI7NtSAhUZwnoJ,218667,4
0.78,0.737,9,-7.675,1,0.121,0.053,0.0,0.0746,0.927,101.474,audio_features,0tRIx0RKRBJOahoXlpM8uL,spotify:track:0tRIx0RKRBJOahoXlpM8uL,https://api.spotify.com/v1/tracks/0tRIx0RKRBJOahoXlpM8uL,https://api.spotify.com/v1/audio-analysis/0tRIx0RKRBJOahoXlpM8uL,289120,4
0.684,0.698,9,-6.219,1,0.041,0.332,5.16e-06,0.122,0.839,132.846,audio_features,67HxeUADW4H3ERfaPW59ma,spotify:track:67HxeUADW4H3ERfaPW59ma,https://api.spotify.com/v1/tracks/67HxeUADW4H3ERfaPW59ma,https://api.spotify.com/v1/audio-analysis/67HxeUADW4H3ERfaPW59ma,195107,4
0.661,0.964,2,-4.105,1,0.0364,0.0532,0.0,0.11,0.597,101.984,audio_features,6iCnJkKswtMYoSmT58HmEn,spotify:track:6iCnJkKswtMYoSmT58HmEn,https://api.spotify.com/v1/tracks/6iCnJkKswtMYoSmT58HmEn,https://api.spotify.com/v1/audio-analysis/6iCnJkKswtMYoSmT58HmEn,247453,4
0.546,0.907,4,-4.117,0,0.09,0.0135,0.00232,0.169,0.654,173.178,audio_features,5ECMRJbRlj0FZRg9cRg94m,spotify:track:5ECMRJbRlj0FZRg9cRg94m,https://api.spotify.com/v1/tracks/5ECMRJbRlj0FZRg9cRg94m,https://api.spotify.com/v1/audio-analysis/5ECMRJbRlj0FZRg9cRg94m,212400,4
0.35,0.974,8,-9.55,1,0.133,0.00146,0.446,0.0378,0.119,98.354,audio_features,46AtSShP5IL2Ls3uHpxmt8,spotify:track:46AtSShP5IL2Ls3uHpxmt8,https://api.spotify.com/v1/tracks/46AtSShP5IL2Ls3uHpxmt8,https://api.spotify.com/v1/audio-analysis/46AtSShP5IL2Ls3uHpxmt8,202040,4
0.391,0.884,11,-3.883,1,0.0329,0.000134,0.58,0.174,0.217,160.188,audio_features,1Z6NUe88dVXBDpWiWpSpie,spotify:track:1Z6NUe88dVXBDpWiWpSpie,https://api.spotify.com/v1/tracks/1Z6NUe88dVXBDpWiWpSpie,https://api.spotify.com/v1/audio-analysis/1Z6NUe88dVXBDpWiWpSpie,204880,4
0.641,0.715,2,-9.17,0,0.0469,0.336,0.00505,0.694,0.675,116.406,audio_features,0aDd0096feHh3zpcGgQY7n,spotify:track:0aDd0096feHh3zpcGgQY7n,https://api.spotify.com/v1/tracks/0aDd0096feHh3zpcGgQY7n,https://api.spotify.com/v1/audio-analysis/0aDd0096feHh3zpcGgQY7n,202507,4
0.791,0.759,9,-5.67,1,0.037,0.0823,4.44e-05,0.0993,0.917,124.725,audio_features,6hFHsQWB7HdVrSe7efRR82,spotify:track:6hFHsQWB7HdVrSe7efRR82,https://api.spotify.com/v1/tracks/6hFHsQWB7HdVrSe7efRR82,https://api.spotify.com/v1/audio-analysis/6hFHsQWB7HdVrSe7efRR82,214880,4
0.285,0.908,4,-4.601,0,0.0705,0.0318,0.00909,0.311,0.669,159.756,audio_features,4OROzZUy6gOWN4UGQVaZMF,spotify:track:4OROzZUy6gOWN4UGQVaZMF,https://api.spotify.com/v1/tracks/4OROzZUy6gOWN4UGQVaZMF,https://api.spotify.com/v1/audio-analysis/4OROzZUy6gOWN4UGQVaZMF,252733,4
0.391,0.732,4,-8.188,0,0.0295,0.00471,0.121,0.0979,0.622,100.354,audio_features,4SDywo3ykB2PEthjXvo1UP,spotify:track:4SDywo3ykB2PEthjXvo1UP,https://api.spotify.com/v1/tracks/4SDywo3ykB2PEthjXvo1UP,https://api.spotify.com/v1/audio-analysis/4SDywo3ykB2PEthjXvo1UP,271787,4
0.523,0.803,4,-5.189,0,0.045,0.579,0.0,0.0948,0.898,132.316,audio_features,3dzW0SoVNyJTWWJimX8stj,spotify:track:3dzW0SoVNyJTWWJimX8stj,https://api.spotify.com/v1/tracks/3dzW0SoVNyJTWWJimX8stj,https://api.spotify.com/v1/audio-analysis/3dzW0SoVNyJTWWJimX8stj,145293,4
0.602,0.954,0,-3.55,1,0.0633,0.0307,0.00499,0.195,0.95,157.952,audio_features,1JrUt1LpairHGPqE3vuhUy,spotify:track:1JrUt1LpairHGPqE3vuhUy,https://api.spotify.com/v1/tracks/1JrUt1LpairHGPqE3vuhUy,https://api.spotify.com/v1/audio-analysis/1JrUt1LpairHGPqE3vuhUy,174373,4
0.448,0.945,10,-7.978,1,0.0394,0.0219,0.246,0.0254,0.437,111.705,audio_features,6v5VsfCYKdrkQBTMhAlkDr,spotify:track:6v5VsfCYKdrkQBTMhAlkDr,https://api.spotify.com/v1/tracks/6v5VsfCYKdrkQBTMhAlkDr,https://api.spotify.com/v1/audio-analysis/6v5VsfCYKdrkQBTMhAlkDr,373467,4
0.584,0.57,11,-6.508,1,0.028,0.0933,1.66e-05,0.0802,0.54,97.976,audio_features,7rhKh1Ool2Yel5JXmiemZB,spotify:track:7rhKh1Ool2Yel5JXmiemZB,https://api.spotify.com/v1/tracks/7rhKh1Ool2Yel5JXmiemZB,https://api.spotify.com/v1/audio-analysis/7rhKh1Ool2Yel5JXmiemZB,248773,4
0.51,0.76,0,-6.995,1,0.0411,0.148,0.0116,0.0706,0.55,118.829,audio_features,4vhVDkSx9RSb2k6mWFMYNI,spotify:track:4vhVDkSx9RSb2k6mWFMYNI,https://api.spotify.com/v1/tracks/4vhVDkSx9RSb2k6mWFMYNI,https://api.spotify.com/v1/audio-analysis/4vhVDkSx9RSb2k6mWFMYNI,170787,4
0.453,0.945,2,-6.337,1,0.0719,0.0015,0.000254,0.122,0.654,144.538,audio_features,6ShfvZJYI3GSdaNaQ1bMVR,spotify:track:6ShfvZJYI3GSdaNaQ1bMVR,https://api.spotify.com/v1/tracks/6ShfvZJYI3GSdaNaQ1bMVR,https://api.spotify.com/v1/audio-analysis/6ShfvZJYI3GSdaNaQ1bMVR,342707,4
0.293,0.511,4,-17.663,0,0.0654,0.11,0.883,0.345,0.379,100.836,audio_features,4woBXDBtJhQVo97uZM7sSG,spotify:track:4woBXDBtJhQVo97uZM7sSG,https://api.spotify.com/v1/tracks/4woBXDBtJhQVo97uZM7sSG,https://api.spotify.com/v1/audio-analysis/4woBXDBtJhQVo97uZM7sSG,968041,3
0.533,0.913,4,-5.705,1,0.0408,0.00354,0.0,0.374,0.835,142.954,audio_features,6SZTjtEmEeucoyViXPwlvM,spotify:track:6SZTjtEmEeucoyViXPwlvM,https://api.spotify.com/v1/tracks/6SZTjtEmEeucoyViXPwlvM,https://api.spotify.com/v1/audio-analysis/6SZTjtEmEeucoyViXPwlvM,225973,4
0.584,0.367,6,-9.638,0,0.0328,0.55,1.38e-05,0.0818,0.588,120.175,audio_features,1JO1xLtVc8mWhIoE3YaCL0,spotify:track:1JO1xLtVc8mWhIoE3YaCL0,https://api.spotify.com/v1/tracks/1JO1xLtVc8mWhIoE3YaCL0,https://api.spotify.com/v1/audio-analysis/1JO1xLtVc8mWhIoE3YaCL0,176293,4
0.435,0.851,5,-4.029,0,0.0475,0.0147,0.27,0.142,0.545,144.705,audio_features,2RRR5ziiJJd0DJGMVeEjR2,spotify:track:2RRR5ziiJJd0DJGMVeEjR2,https://api.spotify.com/v1/tracks/2RRR5ziiJJd0DJGMVeEjR2,https://api.spotify.com/v1/audio-analysis/2RRR5ziiJJd0DJGMVeEjR2,238320,4
0.35,0.985,10,-5.676,0,0.122,0.00876,0.551,0.36,0.323,151.007,audio_features,0dlTGl67UFWcKupzkxZYOn,spotify:track:0dlTGl67UFWcKupzkxZYOn,https://api.spotify.com/v1/tracks/0dlTGl67UFWcKupzkxZYOn,https://api.spotify.com/v1/audio-analysis/0dlTGl67UFWcKupzkxZYOn,343640,4
0.543,0.836,4,-9.11,0,0.0353,0.000647,0.431,0.153,0.56,105.173,audio_features,2MuWTIM3b0YEAskbeeFE1i,spotify:track:2MuWTIM3b0YEAskbeeFE1i,https://api.spotify.com/v1/tracks/2MuWTIM3b0YEAskbeeFE1i,https://api.spotify.com/v1/audio-analysis/2MuWTIM3b0YEAskbeeFE1i,515387,4
0.547,0.832,4,-5.589,1,0.0318,0.0673,0.00452,0.291,0.739,123.962,audio_features,06u5f79L0JIk4qmkYSdOm4,spotify:track:06u5f79L0JIk4qmkYSdOm4,https://api.spotify.com/v1/tracks/06u5f79L0JIk4qmkYSdOm4,https://api.spotify.com/v1/audio-analysis/06u5f79L0JIk4qmkYSdOm4,208307,4
0.3,0.936,2,-5.399,1,0.0456,0.0337,0.021,0.158,0.756,133.065,audio_features,3wFGRek61NIF330UwJCI52,spotify:track:3wFGRek61NIF330UwJCI52,https://api.spotify.com/v1/tracks/3wFGRek61NIF330UwJCI52,https://api.spotify.com/v1/audio-analysis/3wFGRek61NIF330UwJCI52,271907,4
0.768,0.852,4,-6.215,1,0.038,0.214,7.36e-05,0.0723,0.867,128.373,audio_features,07q0QVgO56EorrSGHC48y3,spotify:track:07q0QVgO56EorrSGHC48y3,https://api.spotify.com/v1/tracks/07q0QVgO56EorrSGHC48y3,https://api.spotify.com/v1/audio-analysis/07q0QVgO56EorrSGHC48y3,271240,4
0.601,0.928,7,-4.38,0,0.0481,0.014,0.000113,0.151,0.625,115.999,audio_features,5hVepr5CHiTGtJY5bP4i5n,spotify:track:5hVepr5CHiTGtJY5bP4i5n,https://api.spotify.com/v1/tracks/5hVepr5CHiTGtJY5bP4i5n,https://api.spotify.com/v1/audio-analysis/5hVepr5CHiTGtJY5bP4i5n,246533,4
0.671,0.712,2,-7.815,1,0.0476,0.429,0.0,0.103,0.462,113.805,audio_features,2fuCquhmrzHpu5xcA1ci9x,spotify:track:2fuCquhmrzHpu5xcA1ci9x,https://api.spotify.com/v1/tracks/2fuCquhmrzHpu5xcA1ci9x,https://api.spotify.com/v1/audio-analysis/2fuCquhmrzHpu5xcA1ci9x,248440,4
0.429,0.554,9,-6.128,0,0.0291,0.67,0.000152,0.105,0.407,136.302,audio_features,1GcVa4jFySlun4jLSuMhiq,spotify:track:1GcVa4jFySlun4jLSuMhiq,https://api.spotify.com/v1/tracks/1GcVa4jFySlun4jLSuMhiq,https://api.spotify.com/v1/audio-analysis/1GcVa4jFySlun4jLSuMhiq,272000,4
0.408,0.465,4,-11.772,0,0.0338,0.365,6.01e-05,0.215,0.151,135.668,audio_features,0ducHx1R45CnEloZ6tUVuC,spotify:track:0ducHx1R45CnEloZ6tUVuC,https://api.spotify.com/v1/tracks/0ducHx1R45CnEloZ6tUVuC,https://api.spotify.com/v1/audio-analysis/0ducHx1R45CnEloZ6tUVuC,402920,4
0.593,0.289,4,-11.049,1,0.0259,0.568,0.000829,0.0928,0.733,77.119,audio_features,3evG0BIqEFMMP7lVJh1cSf,spotify:track:3evG0BIqEFMMP7lVJh1cSf,https://api.spotify.com/v1/tracks/3evG0BIqEFMMP7lVJh1cSf,https://api.spotify.com/v1/audio-analysis/3evG0BIqEFMMP7lVJh1cSf,215733,4
0.452,0.524,0,-10.108,1,0.0351,0.315,0.0,0.103,0.246,151.505,audio_features,3ovjw5HZZv43SxTwApooCM,spotify:track:3ovjw5HZZv43SxTwApooCM,https://api.spotify.com/v1/tracks/3ovjw5HZZv43SxTwApooCM,https://api.spotify.com/v1/audio-analysis/3ovjw5HZZv43SxTwApooCM,312360,4
0.537,0.502,4,-8.406,1,0.025,0.44,0.0709,0.199,0.288,80.511,audio_features,3oqWr0jDWNXxWufNogGREp,spotify:track:3oqWr0jDWNXxWufNogGREp,https://api.spotify.com/v1/tracks/3oqWr0jDWNXxWufNogGREp,https://api.spotify.com/v1/audio-analysis/3oqWr0jDWNXxWufNogGREp,232027,4
0.509,0.386,4,-10.401,0,0.0269,0.63,6.18e-05,0.125,0.389,111.7,audio_features,5onlaW8X1ps8VS4DhxpFom,spotify:track:5onlaW8X1ps8VS4DhxpFom,https://api.spotify.com/v1/tracks/5onlaW8X1ps8VS4DhxpFom,https://api.spotify.com/v1/audio-analysis/5onlaW8X1ps8VS4DhxpFom,180573,4
0.417,0.83,4,-7.206,0,0.0532,0.284,0.0,0.0863,0.943,131.715,audio_features,6HSQ5z5afdLjhphHWfPiEG,spotify:track:6HSQ5z5afdLjhphHWfPiEG,https://api.spotify.com/v1/tracks/6HSQ5z5afdLjhphHWfPiEG,https://api.spotify.com/v1/audio-analysis/6HSQ5z5afdLjhphHWfPiEG,147200,4
0.653,0.71,11,-5.783,1,0.0524,0.561,1.43e-06,0.266,0.675,79.996,audio_features,2gICL6LRPfASC77xe8CLf8,spotify:track:2gICL6LRPfASC77xe8CLf8,https://api.spotify.com/v1/tracks/2gICL6LRPfASC77xe8CLf8,https://api.spotify.com/v1/audio-analysis/2gICL6LRPfASC77xe8CLf8,227587,4
0.421,0.876,0,-4.239,0,0.0563,0.00106,0.0,0.39,0.592,153.891,audio_features,1Kq5lryeac6Fd0un6BtsEW,spotify:track:1Kq5lryeac6Fd0un6BtsEW,https://api.spotify.com/v1/tracks/1Kq5lryeac6Fd0un6BtsEW,https://api.spotify.com/v1/audio-analysis/1Kq5lryeac6Fd0un6BtsEW,228040,4
0.31,0.926,9,-7.58,0,0.0994,0.0226,0.857,0.21,0.158,139.012,audio_features,4qPgSwPUGigsmx6gUV2dnU,spotify:track:4qPgSwPUGigsmx6gUV2dnU,https://api.spotify.com/v1/tracks/4qPgSwPUGigsmx6gUV2dnU,https://api.spotify.com/v1/audio-analysis/4qPgSwPUGigsmx6gUV2dnU,533493,4
0.552,0.791,7,-8.356,1,0.0303,0.123,1.42e-05,0.162,0.698,91.2,audio_features,5UdShl12E6eHEgS8lQ1bPr,spotify:track:5UdShl12E6eHEgS8lQ1bPr,https://api.spotify.com/v1/tracks/5UdShl12E6eHEgS8lQ1bPr,https://api.spotify.com/v1/audio-analysis/5UdShl12E6eHEgS8lQ1bPr,355893,4
0.307,0.748,2,-6.514,0,0.0568,0.212,0.000153,0.368,0.347,108.227,audio_features,2ov8L95QD25TLpZAZPYWXL,spotify:track:2ov8L95QD25TLpZAZPYWXL,https://api.spotify.com/v1/tracks/2ov8L95QD25TLpZAZPYWXL,https://api.spotify.com/v1/audio-analysis/2ov8L95QD25TLpZAZPYWXL,302648,4
0.632,0.87,1,-4.796,1,0.0302,0.227,0.0,0.967,0.743,122.319,audio_features,57zKsBEPheQbBBsNFs35Sy,spotify:track:57zKsBEPheQbBBsNFs35Sy,https://api.spotify.com/v1/tracks/57zKsBEPheQbBBsNFs35Sy,https://api.spotify.com/v1/audio-analysis/57zKsBEPheQbBBsNFs35Sy,149720,4
0.292,0.359,5,-9.043,1,0.0328,0.697,1.85e-05,0.108,0.228,177.334,audio_features,3AOcpwgy3V2Fwg7B8PZfKl,spotify:track:3AOcpwgy3V2Fwg7B8PZfKl,https://api.spotify.com/v1/tracks/3AOcpwgy3V2Fwg7B8PZfKl,https://api.spotify.com/v1/audio-analysis/3AOcpwgy3V2Fwg7B8PZfKl,283259,3
0.579,0.798,0,-8.381,1,0.0661,0.367,1.45e-05,0.144,0.57,121.445,audio_features,31Hutqdoy7EZrLiF855CCO,spotify:track:31Hutqdoy7EZrLiF855CCO,https://api.spotify.com/v1/tracks/31Hutqdoy7EZrLiF855CCO,https://api.spotify.com/v1/audio-analysis/31Hutqdoy7EZrLiF855CCO,166920,4
0.338,0.332,9,-12.254,0,0.0352,0.609,0.00432,0.142,0.204,81.957,audio_features,12wlYeErSUNGg1B5d64077,spotify:track:12wlYeErSUNGg1B5d64077,https://api.spotify.com/v1/tracks/12wlYeErSUNGg1B5d64077,https://api.spotify.com/v1/audio-analysis/12wlYeErSUNGg1B5d64077,485013,4
0.307,0.433,1,-10.057,1,0.029,0.388,9.08e-05,0.332,0.224,160.9,audio_features,5MxNLUsfh7uzROypsoO5qe,spotify:track:5MxNLUsfh7uzROypsoO5qe,https://api.spotify.com/v1/tracks/5MxNLUsfh7uzROypsoO5qe,https://api.spotify.com/v1/audio-analysis/5MxNLUsfh7uzROypsoO5qe,266960,4
0.723,0.626,6,-8.759,0,0.0291,0.219,0.00389,0.0971,0.448,110.98,audio_features,63QpuNHIZ8APaK37LkV8Xd,spotify:track:63QpuNHIZ8APaK37LkV8Xd,https://api.spotify.com/v1/tracks/63QpuNHIZ8APaK37LkV8Xd,https://api.spotify.com/v1/audio-analysis/63QpuNHIZ8APaK37LkV8Xd,308040,4
0.55,0.722,11,-11.729,0,0.0283,0.25,0.0129,0.11,0.716,103.886,audio_features,14XWXWv5FoCbFzLksawpEe,spotify:track:14XWXWv5FoCbFzLksawpEe,https://api.spotify.com/v1/tracks/14XWXWv5FoCbFzLksawpEe,https://api.spotify.com/v1/audio-analysis/14XWXWv5FoCbFzLksawpEe,434720,4
0.411,0.763,9,-6.738,0,0.0541,0.199,0.00447,0.329,0.462,121.57,audio_features,4WFVX3E568hdAixIj3U222,spotify:track:4WFVX3E568hdAixIj3U222,https://api.spotify.com/v1/tracks/4WFVX3E568hdAixIj3U222,https://api.spotify.com/v1/audio-analysis/4WFVX3E568hdAixIj3U222,186560,4
0.713,0.682,9,-8.649,0,0.0778,0.179,0.0255,0.195,0.252,177.317,audio_features,1qWLCuCnNcQVVzJm4pu7Zv,spotify:track:1qWLCuCnNcQVVzJm4pu7Zv,https://api.spotify.com/v1/tracks/1qWLCuCnNcQVVzJm4pu7Zv,https://api.spotify.com/v1/audio-analysis/1qWLCuCnNcQVVzJm4pu7Zv,316427,4
0.616,0.755,6,-5.947,0,0.0303,0.0454,8.13e-05,0.0888,0.858,162.919,audio_features,4HTQcxErjqv1Up3ZOoJ1di,spotify:track:4HTQcxErjqv1Up3ZOoJ1di,https://api.spotify.com/v1/tracks/4HTQcxErjqv1Up3ZOoJ1di,https://api.spotify.com/v1/audio-analysis/4HTQcxErjqv1Up3ZOoJ1di,205027,4
0.37,0.866,6,-3.879,0,0.0384,0.0868,0.0,0.137,0.427,162.086,audio_features,74irxdVWstNlEQjsvArITq,spotify:track:74irxdVWstNlEQjsvArITq,https://api.spotify.com/v1/tracks/74irxdVWstNlEQjsvArITq,https://api.spotify.com/v1/audio-analysis/74irxdVWstNlEQjsvArITq,316693,3
0.207,0.779,0,-4.901,0,0.0424,0.044,0.0586,0.374,0.489,107.705,audio_features,6RnoyMurl85ovY0Luy4VpZ,spotify:track:6RnoyMurl85ovY0Luy4VpZ,https://api.spotify.com/v1/tracks/6RnoyMurl85ovY0Luy4VpZ,https://api.spotify.com/v1/audio-analysis/6RnoyMurl85ovY0Luy4VpZ,186147,3
0.306,0.9,6,-7.961,1,0.052,0.00373,0.0943,0.141,0.357,86.772,audio_features,77bCgbwirSDVeBGHxg00A7,spotify:track:77bCgbwirSDVeBGHxg00A7,https://api.spotify.com/v1/tracks/77bCgbwirSDVeBGHxg00A7,https://api.spotify.com/v1/audio-analysis/77bCgbwirSDVeBGHxg00A7,424493,4
0.742,0.61,9,-7.596,1,0.0853,0.175,0.0,0.0493,0.722,113.281,audio_features,3ydweVPwq9PCEVJ8WwqT6u,spotify:track:3ydweVPwq9PCEVJ8WwqT6u,https://api.spotify.com/v1/tracks/3ydweVPwq9PCEVJ8WwqT6u,https://api.spotify.com/v1/audio-analysis/3ydweVPwq9PCEVJ8WwqT6u,313000,4
0.744,0.502,5,-7.719,1,0.0359,0.183,0.000228,0.189,0.66,112.344,audio_features,1nQRg9q9uwALGzouOX5OyQ,spotify:track:1nQRg9q9uwALGzouOX5OyQ,https://api.spotify.com/v1/tracks/1nQRg9q9uwALGzouOX5OyQ,https://api.spotify.com/v1/audio-analysis/1nQRg9q9uwALGzouOX5OyQ,348227,4
0.267,0.953,1,-4.899,0,0.096,0.00211,0.0,0.283,0.568,84.989,audio_features,1aZLIbKEdsyqxyD6iNcrbA,spotify:track:1aZLIbKEdsyqxyD6iNcrbA,https://api.spotify.com/v1/tracks/1aZLIbKEdsyqxyD6iNcrbA,https://api.spotify.com/v1/audio-analysis/1aZLIbKEdsyqxyD6iNcrbA,267307,4
0.255,0.393,5,-10.654,1,0.0278,0.0577,0.00361,0.113,0.118,76.426,audio_features,10nyNJ6zNy2YVYLrcwLccB,spotify:track:10nyNJ6zNy2YVYLrcwLccB,https://api.spotify.com/v1/tracks/10nyNJ6zNy2YVYLrcwLccB,https://api.spotify.com/v1/audio-analysis/10nyNJ6zNy2YVYLrcwLccB,229120,4
0.31,0.403,0,-13.664,1,0.0326,0.0726,9.27e-05,0.139,0.466,134.48,audio_features,72Z17vmmeQKAg8bptWvpVG,spotify:track:72Z17vmmeQKAg8bptWvpVG,https://api.spotify.com/v1/tracks/72Z17vmmeQKAg8bptWvpVG,https://api.spotify.com/v1/audio-analysis/72Z17vmmeQKAg8bptWvpVG,318027,4
0.425,0.903,1,-4.801,1,0.0732,0.405,0.0128,0.117,0.769,108.748,audio_features,4BVE5tIIpYabZcYCbephNW,spotify:track:4BVE5tIIpYabZcYCbephNW,https://api.spotify.com/v1/tracks/4BVE5tIIpYabZcYCbephNW,https://api.spotify.com/v1/audio-analysis/4BVE5tIIpYabZcYCbephNW,190253,4
0.263,0.84,9,-9.757,1,0.0527,0.00676,0.356,0.7,0.714,89.368,audio_features,15RpfmFhrE5RRkf4vZ6kZu,spotify:track:15RpfmFhrE5RRkf4vZ6kZu,https://api.spotify.com/v1/tracks/15RpfmFhrE5RRkf4vZ6kZu,https://api.spotify.com/v1/audio-analysis/15RpfmFhrE5RRkf4vZ6kZu,228267,4
0.557,0.991,8,-2.469,0,0.0951,0.00797,0.000324,0.0222,0.782,171.913,audio_features,4HPxUGVThsV0tUPNU30LZI,spotify:track:4HPxUGVThsV0tUPNU30LZI,https://api.spotify.com/v1/tracks/4HPxUGVThsV0tUPNU30LZI,https://api.spotify.com/v1/audio-analysis/4HPxUGVThsV0tUPNU30LZI,233253,4
0.464,0.462,2,-14.093,0,0.0406,0.657,0.527,0.124,0.557,124.033,audio_features,7cDxjUnMitNKQC5c8RQUko,spotify:track:7cDxjUnMitNKQC5c8RQUko,https://api.spotify.com/v1/tracks/7cDxjUnMitNKQC5c8RQUko,https://api.spotify.com/v1/audio-analysis/7cDxjUnMitNKQC5c8RQUko,319773,4
0.424,0.355,4,-6.883,0,0.0358,0.802,0.0,0.27,0.37,124.657,audio_features,1MAIJFzQFIQ2Hkm3X5YtCW,spotify:track:1MAIJFzQFIQ2Hkm3X5YtCW,https://api.spotify.com/v1/tracks/1MAIJFzQFIQ2Hkm3X5YtCW,https://api.spotify.com/v1/audio-analysis/1MAIJFzQFIQ2Hkm3X5YtCW,239500,4
0.294,0.641,11,-9.316,1,0.0291,0.0163,0.22,0.112,0.226,79.759,audio_features,3YRCqOhFifThpSRFJ1VWFM,spotify:track:3YRCqOhFifThpSRFJ1VWFM,https://api.spotify.com/v1/tracks/3YRCqOhFifThpSRFJ1VWFM,https://api.spotify.com/v1/audio-analysis/3YRCqOhFifThpSRFJ1VWFM,536067,4
0.54,0.882,0,-3.318,1,0.0737,0.0252,0.0,0.372,0.84,163.043,audio_features,5YSzzFZrDP4d0D08xo9oQI,spotify:track:5YSzzFZrDP4d0D08xo9oQI,https://api.spotify.com/v1/tracks/5YSzzFZrDP4d0D08xo9oQI,https://api.spotify.com/v1/audio-analysis/5YSzzFZrDP4d0D08xo9oQI,200973,4
0.59,0.743,0,-7.078,0,0.0347,0.067,0.00093,0.0847,0.412,129.79,audio_features,4qWizh4UB8BuSypZ3T1zAz,spotify:track:4qWizh4UB8BuSypZ3T1zAz,https://api.spotify.com/v1/tracks/4qWizh4UB8BuSypZ3T1zAz,https://api.spotify.com/v1/audio-analysis/4qWizh4UB8BuSypZ3T1zAz,346960,4
0.308,0.747,0,-5.434,1,0.037,0.0645,8.27e-05,0.431,0.278,139.454,audio_features,6beFuzSjwhOKFZp2aqYDdY,spotify:track:6beFuzSjwhOKFZp2aqYDdY,https://api.spotify.com/v1/tracks/6beFuzSjwhOKFZp2aqYDdY,https://api.spotify.com/v1/audio-analysis/6beFuzSjwhOKFZp2aqYDdY,356160,4
0.553,0.362,4,-11.218,0,0.0263,0.0458,6.01e-06,0.075,0.158,142.352,audio_features,0nLiqZ6A27jJri2VCalIUs,spotify:track:0nLiqZ6A27jJri2VCalIUs,https://api.spotify.com/v1/tracks/0nLiqZ6A27jJri2VCalIUs,https://api.spotify.com/v1/audio-analysis/0nLiqZ6A27jJri2VCalIUs,388267,3
0.363,0.849,6,-7.744,1,0.0554,0.0666,0.00517,0.306,0.429,170.627,audio_features,11VGhd5i7deLL0YB0ayicY,spotify:track:11VGhd5i7deLL0YB0ayicY,https://api.spotify.com/v1/tracks/11VGhd5i7deLL0YB0ayicY,https://api.spotify.com/v1/audio-analysis/11VGhd5i7deLL0YB0ayicY,196227,4
0.309,0.837,2,-8.135,1,0.131,0.085,0.621,0.143,0.388,114.757,audio_features,5XV8y16vXJENfxa5bQH0LG,spotify:track:5XV8y16vXJENfxa5bQH0LG,https://api.spotify.com/v1/tracks/5XV8y16vXJENfxa5bQH0LG,https://api.spotify.com/v1/audio-analysis/5XV8y16vXJENfxa5bQH0LG,810322,4
0.519,0.372,4,-17.415,0,0.142,0.481,0.769,0.153,0.35,166.945,audio_features,1ExMooKBB1cJh4q6VdT4Rq,spotify:track:1ExMooKBB1cJh4q6VdT4Rq,https://api.spotify.com/v1/tracks/1ExMooKBB1cJh4q6VdT4Rq,https://api.spotify.com/v1/audio-analysis/1ExMooKBB1cJh4q6VdT4Rq,614667,3
0.661,0.868,11,-6.861,0,0.109,0.0901,7.91e-05,0.34,0.959,108.059,audio_features,0JyPCsIF1VBa8wp6ZZbw3Y,spotify:track:0JyPCsIF1VBa8wp6ZZbw3Y,https://api.spotify.com/v1/tracks/0JyPCsIF1VBa8wp6ZZbw3Y,https://api.spotify.com/v1/audio-analysis/0JyPCsIF1VBa8wp6ZZbw3Y,145107,4
0.295,0.869,6,-9.901,0,0.0602,0.000211,0.00076,0.438,0.735,114.339,audio_features,07DwrW1JxiMkEF4scxwdSa,spotify:track:07DwrW1JxiMkEF4scxwdSa,https://api.spotify.com/v1/tracks/07DwrW1JxiMkEF4scxwdSa,https://api.spotify.com/v1/audio-analysis/07DwrW1JxiMkEF4scxwdSa,252169,4
0.4,0.35,8,-11.401,1,0.0345,0.227,0.0397,0.103,0.328,83.389,audio_features,0xGSeBsG4V8Scc5YqpZQ66,spotify:track:0xGSeBsG4V8Scc5YqpZQ66,https://api.spotify.com/v1/tracks/0xGSeBsG4V8Scc5YqpZQ66,https://api.spotify.com/v1/audio-analysis/0xGSeBsG4V8Scc5YqpZQ66,219133,4
0.437,0.279,2,-14.573,0,0.0325,0.505,0.0161,0.133,0.3,118.019,audio_features,55493u4ooFK6fMCMFf99fa,spotify:track:55493u4ooFK6fMCMFf99fa,https://api.spotify.com/v1/tracks/55493u4ooFK6fMCMFf99fa,https://api.spotify.com/v1/audio-analysis/55493u4ooFK6fMCMFf99fa,391760,4
0.567,0.491,11,-11.03,1,0.0284,0.547,0.0,0.266,0.641,77.781,audio_features,3wM8VloRGOWQsPWXKKyZe3,spotify:track:3wM8VloRGOWQsPWXKKyZe3,https://api.spotify.com/v1/tracks/3wM8VloRGOWQsPWXKKyZe3,https://api.spotify.com/v1/audio-analysis/3wM8VloRGOWQsPWXKKyZe3,309173,4
0.751,0.806,11,-5.592,0,0.0412,0.00824,0.0,0.0865,0.764,130.058,audio_features,0vQfzyjQFHQ208JCNjcE5H,spotify:track:0vQfzyjQFHQ208JCNjcE5H,https://api.spotify.com/v1/tracks/0vQfzyjQFHQ208JCNjcE5H,https://api.spotify.com/v1/audio-analysis/0vQfzyjQFHQ208JCNjcE5H,237667,4
0.308,0.866,2,-5.671,0,0.059,0.000739,0.00141,0.232,0.227,109.825,audio_features,6p8eFfPw3nQkf37aT3AkmK,spotify:track:6p8eFfPw3nQkf37aT3AkmK,https://api.spotify.com/v1/tracks/6p8eFfPw3nQkf37aT3AkmK,https://api.spotify.com/v1/audio-analysis/6p8eFfPw3nQkf37aT3AkmK,438120,4
0.332,0.769,9,-11.503,1,0.0765,0.00367,0.00413,0.0372,0.525,157.378,audio_features,0TI8TP4FitVPoEHPTySx48,spotify:track:0TI8TP4FitVPoEHPTySx48,https://api.spotify.com/v1/tracks/0TI8TP4FitVPoEHPTySx48,https://api.spotify.com/v1/audio-analysis/0TI8TP4FitVPoEHPTySx48,354774,4
0.495,0.596,2,-5.45,1,0.024,0.14,0.00316,0.114,0.284,94.119,audio_features,1rh4kDY9T4fHVDum8Foi5k,spotify:track:1rh4kDY9T4fHVDum8Foi5k,https://api.spotify.com/v1/tracks/1rh4kDY9T4fHVDum8Foi5k,https://api.spotify.com/v1/audio-analysis/1rh4kDY9T4fHVDum8Foi5k,233747,4
0.47,0.575,11,-9.85,0,0.0362,0.215,0.307,0.199,0.375,127.534,audio_features,12uaDRCVrgu4O6AyOZLrxG,spotify:track:12uaDRCVrgu4O6AyOZLrxG,https://api.spotify.com/v1/tracks/12uaDRCVrgu4O6AyOZLrxG,https://api.spotify.com/v1/audio-analysis/12uaDRCVrgu4O6AyOZLrxG,246667,4
0.804,0.486,9,-8.241,0,0.0375,0.0559,8e-06,0.037,0.842,107.233,audio_features,1Bd8mHCDrBrv3ZruGLRWJx,spotify:track:1Bd8mHCDrBrv3ZruGLRWJx,https://api.spotify.com/v1/tracks/1Bd8mHCDrBrv3ZruGLRWJx,https://api.spotify.com/v1/audio-analysis/1Bd8mHCDrBrv3ZruGLRWJx,254533,4
0.774,0.615,2,-7.614,0,0.0314,0.181,0.0107,0.141,0.703,136.851,audio_features,4UXE0ZLGIoLUOFqTECzoQe,spotify:track:4UXE0ZLGIoLUOFqTECzoQe,https://api.spotify.com/v1/tracks/4UXE0ZLGIoLUOFqTECzoQe,https://api.spotify.com/v1/audio-analysis/4UXE0ZLGIoLUOFqTECzoQe,273307,4
0.402,0.922,7,-5.07,1,0.0552,0.0681,0.000514,0.394,0.815,165.904,audio_features,1zYF9fxV4p4cKSlmha8mdB,spotify:track:1zYF9fxV4p4cKSlmha8mdB,https://api.spotify.com/v1/tracks/1zYF9fxV4p4cKSlmha8mdB,https://api.spotify.com/v1/audio-analysis/1zYF9fxV4p4cKSlmha8mdB,178307,4
0.474,0.983,4,-7.251,1,0.0889,0.00763,0.000758,0.0475,0.435,118.182,audio_features,2UqzzArv2T0NnHSTIUa13V,spotify:track:2UqzzArv2T0NnHSTIUa13V,https://api.spotify.com/v1/tracks/2UqzzArv2T0NnHSTIUa13V,https://api.spotify.com/v1/audio-analysis/2UqzzArv2T0NnHSTIUa13V,522093,4
0.329,0.867,2,-8.789,1,0.0506,0.0211,0.00856,0.134,0.315,145.81,audio_features,4wCMKxkE3eMOTtlAx0NFEM,spotify:track:4wCMKxkE3eMOTtlAx0NFEM,https://api.spotify.com/v1/tracks/4wCMKxkE3eMOTtlAx0NFEM,https://api.spotify.com/v1/audio-analysis/4wCMKxkE3eMOTtlAx0NFEM,630880,4
0.447,0.765,6,-5.001,1,0.0433,0.0146,0.0,0.075,0.365,169.853,audio_features,7s41ZGjQB5Ur8T0fQlk5uM,spotify:track:7s41ZGjQB5Ur8T0fQlk5uM,https://api.spotify.com/v1/tracks/7s41ZGjQB5Ur8T0fQlk5uM,https://api.spotify.com/v1/audio-analysis/7s41ZGjQB5Ur8T0fQlk5uM,205573,4
0.705,0.737,2,-4.105,0,0.0381,0.244,1.01e-06,0.125,0.408,102.981,audio_features,0hLaqSTEwAqYfrn6Tz3gIp,spotify:track:0hLaqSTEwAqYfrn6Tz3gIp,https://api.spotify.com/v1/tracks/0hLaqSTEwAqYfrn6Tz3gIp,https://api.spotify.com/v1/audio-analysis/0hLaqSTEwAqYfrn6Tz3gIp,271467,4
0.722,0.747,7,-6.609,1,0.0286,0.403,0.0,0.168,0.874,131.999,audio_features,55ZTgJlVhGcqzr3yrerkn8,spotify:track:55ZTgJlVhGcqzr3yrerkn8,https://api.spotify.com/v1/tracks/55ZTgJlVhGcqzr3yrerkn8,https://api.spotify.com/v1/audio-analysis/55ZTgJlVhGcqzr3yrerkn8,204173,4
0.505,0.631,9,-10.433,0,0.038,0.0203,2.21e-05,0.141,0.835,118.178,audio_features,26fZwf1ImE4aUJ4XaqOkUg,spotify:track:26fZwf1ImE4aUJ4XaqOkUg,https://api.spotify.com/v1/tracks/26fZwf1ImE4aUJ4XaqOkUg,https://api.spotify.com/v1/audio-analysis/26fZwf1ImE4aUJ4XaqOkUg,237467,4
0.567,0.931,11,-10.361,1,0.0544,0.0119,0.159,0.342,0.623,112.948,audio_features,2uuMXKKmdXrY2XxsqTsGp0,spotify:track:2uuMXKKmdXrY2XxsqTsGp0,https://api.spotify.com/v1/tracks/2uuMXKKmdXrY2XxsqTsGp0,https://api.spotify.com/v1/audio-analysis/2uuMXKKmdXrY2XxsqTsGp0,146747,4
0.56,0.916,4,-2.797,0,0.0375,0.106,0.0,0.0456,0.926,152.004,audio_features,1v15LSVQiEsGm4FK8SH7rI,spotify:track:1v15LSVQiEsGm4FK8SH7rI,https://api.spotify.com/v1/tracks/1v15LSVQiEsGm4FK8SH7rI,https://api.spotify.com/v1/audio-analysis/1v15LSVQiEsGm4FK8SH7rI,224086,4
0.679,0.812,9,-6.258,1,0.0487,0.0308,1.54e-05,0.361,0.936,144.21,audio_features,1CvYWnK4ERkU7D8pY7CKDo,spotify:track:1CvYWnK4ERkU7D8pY7CKDo,https://api.spotify.com/v1/tracks/1CvYWnK4ERkU7D8pY7CKDo,https://api.spotify.com/v1/audio-analysis/1CvYWnK4ERkU7D8pY7CKDo,211013,4
0.52,0.709,5,-7.125,0,0.0352,0.247,1.78e-05,0.18,0.536,76.039,audio_features,6urCAbunOQI4bLhmGpX7iS,spotify:track:6urCAbunOQI4bLhmGpX7iS,https://api.spotify.com/v1/tracks/6urCAbunOQI4bLhmGpX7iS,https://api.spotify.com/v1/audio-analysis/6urCAbunOQI4bLhmGpX7iS,263560,4
0.317,0.498,5,-9.137,0,0.0315,0.0515,0.306,0.121,0.141,84.563,audio_features,5Ext9ObPEi7wIcv5AiQWJy,spotify:track:5Ext9ObPEi7wIcv5AiQWJy,https://api.spotify.com/v1/tracks/5Ext9ObPEi7wIcv5AiQWJy,https://api.spotify.com/v1/audio-analysis/5Ext9ObPEi7wIcv5AiQWJy,246000,4
0.445,0.856,9,-3.674,1,0.0327,0.000202,0.0101,0.367,0.486,105.872,audio_features,0NJC0FDCODpPUntRTTQq97,spotify:track:0NJC0FDCODpPUntRTTQq97,https://api.spotify.com/v1/tracks/0NJC0FDCODpPUntRTTQq97,https://api.spotify.com/v1/audio-analysis/0NJC0FDCODpPUntRTTQq97,308333,3
0.483,0.651,6,-6.358,1,0.0345,0.377,0.0286,0.117,0.53,98.732,audio_features,6rpi77GqamZNoltbZ5ksdi,spotify:track:6rpi77GqamZNoltbZ5ksdi,https://api.spotify.com/v1/tracks/6rpi77GqamZNoltbZ5ksdi,https://api.spotify.com/v1/audio-analysis/6rpi77GqamZNoltbZ5ksdi,255960,4
0.377,0.84,2,-6.022,1,0.1,0.0128,2.71e-05,0.102,0.311,150.349,audio_features,0NHBt8bp6tloebOWV3U3fN,spotify:track:0NHBt8bp6tloebOWV3U3fN,https://api.spotify.com/v1/tracks/0NHBt8bp6tloebOWV3U3fN,https://api.spotify.com/v1/audio-analysis/0NHBt8bp6tloebOWV3U3fN,293733,4
0.577,0.525,0,-6.574,1,0.0262,0.408,0.00829,0.104,0.227,110.021,audio_features,3kj5bSvgx82T7E3bsCZ8Rt,spotify:track:3kj5bSvgx82T7E3bsCZ8Rt,https://api.spotify.com/v1/tracks/3kj5bSvgx82T7E3bsCZ8Rt,https://api.spotify.com/v1/audio-analysis/3kj5bSvgx82T7E3bsCZ8Rt,229933,4
0.307,0.544,0,-9.679,0,0.0501,0.0327,0.906,0.167,0.735,74.945,audio_features,4VbOIkKqt0gkZpC75oKSxS,spotify:track:4VbOIkKqt0gkZpC75oKSxS,https://api.spotify.com/v1/tracks/4VbOIkKqt0gkZpC75oKSxS,https://api.spotify.com/v1/audio-analysis/4VbOIkKqt0gkZpC75oKSxS,304107,4
0.358,0.671,10,-6.18,1,0.0304,0.0143,0.00322,0.181,0.24,79.797,audio_features,1yUHuR43berFjN7B3KMHv5,spotify:track:1yUHuR43berFjN7B3KMHv5,https://api.spotify.com/v1/tracks/1yUHuR43berFjN7B3KMHv5,https://api.spotify.com/v1/audio-analysis/1yUHuR43berFjN7B3KMHv5,221533,4
0.405,0.908,9,-3.231,1,0.0508,0.00193,0.0,0.128,0.343,165.009,audio_features,0BKJNlqLlNvvIunfg2BPCg,spotify:track:0BKJNlqLlNvvIunfg2BPCg,https://api.spotify.com/v1/tracks/0BKJNlqLlNvvIunfg2BPCg,https://api.spotify.com/v1/audio-analysis/0BKJNlqLlNvvIunfg2BPCg,224086,4
0.612,0.403,0,-15.05,0,0.148,0.378,0.774,0.103,0.354,111.978,audio_features,5EPhWAwMiPKSclVyA9LWO6,spotify:track:5EPhWAwMiPKSclVyA9LWO6,https://api.spotify.com/v1/tracks/5EPhWAwMiPKSclVyA9LWO6,https://api.spotify.com/v1/audio-analysis/5EPhWAwMiPKSclVyA9LWO6,616893,4
0.795,0.625,9,-6.517,1,0.0247,0.3,0.0,0.114,0.905,100.032,audio_features,5eNKUawfBJFqyC6zF1W5Mq,spotify:track:5eNKUawfBJFqyC6zF1W5Mq,https://api.spotify.com/v1/tracks/5eNKUawfBJFqyC6zF1W5Mq,https://api.spotify.com/v1/audio-analysis/5eNKUawfBJFqyC6zF1W5Mq,209387,4
0.654,0.779,7,-4.816,1,0.0293,0.251,0.0,0.185,0.819,114.973,audio_features,3VUpaKzJrpDSOWAf4QnnI1,spotify:track:3VUpaKzJrpDSOWAf4QnnI1,https://api.spotify.com/v1/tracks/3VUpaKzJrpDSOWAf4QnnI1,https://api.spotify.com/v1/audio-analysis/3VUpaKzJrpDSOWAf4QnnI1,245947,4
0.754,0.524,4,-8.024,1,0.029,0.0318,0.00248,0.11,0.669,123.907,audio_features,18T2uIJteJ7o1W8XLFRpaN,spotify:track:18T2uIJteJ7o1W8XLFRpaN,https://api.spotify.com/v1/tracks/18T2uIJteJ7o1W8XLFRpaN,https://api.spotify.com/v1/audio-analysis/18T2uIJteJ7o1W8XLFRpaN,231200,4
0.663,0.475,1,-8.834,1,0.0417,0.643,0.0,0.122,0.644,143.175,audio_features,4fXGWiVhlOLdhwRDP6pIFG,spotify:track:4fXGWiVhlOLdhwRDP6pIFG,https://api.spotify.com/v1/tracks/4fXGWiVhlOLdhwRDP6pIFG,https://api.spotify.com/v1/audio-analysis/4fXGWiVhlOLdhwRDP6pIFG,191027,4
0.884,0.612,11,-6.615,0,0.029,0.438,0.000957,0.274,0.883,105.0,audio_features,2rqVirvZUh6lkGfilsxpjq,spotify:track:2rqVirvZUh6lkGfilsxpjq,https://api.spotify.com/v1/tracks/2rqVirvZUh6lkGfilsxpjq,https://api.spotify.com/v1/audio-analysis/2rqVirvZUh6lkGfilsxpjq,186920,4
0.702,0.762,9,-5.157,0,0.0429,0.563,0.0223,0.0615,0.654,130.015,audio_features,3L3BONRQQpkE9V4v2IauDX,spotify:track:3L3BONRQQpkE9V4v2IauDX,https://api.spotify.com/v1/tracks/3L3BONRQQpkE9V4v2IauDX,https://api.spotify.com/v1/audio-analysis/3L3BONRQQpkE9V4v2IauDX,164773,4
0.36,0.501,7,-9.129,1,0.0258,0.0638,9.32e-05,0.172,0.324,74.807,audio_features,63OQupATfueTdZMWTxW03A,spotify:track:63OQupATfueTdZMWTxW03A,https://api.spotify.com/v1/tracks/63OQupATfueTdZMWTxW03A,https://api.spotify.com/v1/audio-analysis/63OQupATfueTdZMWTxW03A,264067,4
0.707,0.827,3,-7.766,1,0.0462,0.0634,0.846,0.217,0.963,152.049,audio_features,2yVPtHXyxGXkbkuBmmqyBU,spotify:track:2yVPtHXyxGXkbkuBmmqyBU,https://api.spotify.com/v1/tracks/2yVPtHXyxGXkbkuBmmqyBU,https://api.spotify.com/v1/audio-analysis/2yVPtHXyxGXkbkuBmmqyBU,184920,4
0.486,0.449,5,-10.298,1,0.0267,0.166,2.23e-06,0.54,0.549,100.456,audio_features,0pQskrTITgmCMyr85tb9qq,spotify:track:0pQskrTITgmCMyr85tb9qq,https://api.spotify.com/v1/tracks/0pQskrTITgmCMyr85tb9qq,https://api.spotify.com/v1/audio-analysis/0pQskrTITgmCMyr85tb9qq,254293,4
0.319,0.952,4,-5.315,0,0.0723,6.28e-05,0.154,0.918,0.228,109.275,audio_features,14H2fE4WEdkEem0kjVeODT,spotify:track:14H2fE4WEdkEem0kjVeODT,https://api.spotify.com/v1/tracks/14H2fE4WEdkEem0kjVeODT,https://api.spotify.com/v1/audio-analysis/14H2fE4WEdkEem0kjVeODT,441467,4
0.273,0.39,8,-12.384,0,0.0317,0.134,0.00174,0.183,0.0851,103.955,audio_features,7kjsCbksOZotNNHOvKsJJh,spotify:track:7kjsCbksOZotNNHOvKsJJh,https://api.spotify.com/v1/tracks/7kjsCbksOZotNNHOvKsJJh,https://api.spotify.com/v1/audio-analysis/7kjsCbksOZotNNHOvKsJJh,387000,4
0.487,0.55,5,-7.1,0,0.038,0.609,0.0,0.0992,0.634,127.107,audio_features,7MW3s6XnZua7CNQAfmdGe8,spotify:track:7MW3s6XnZua7CNQAfmdGe8,https://api.spotify.com/v1/tracks/7MW3s6XnZua7CNQAfmdGe8,https://api.spotify.com/v1/audio-analysis/7MW3s6XnZua7CNQAfmdGe8,117067,4
0.474,0.387,2,-14.416,0,0.0305,0.642,0.00557,0.143,0.545,118.486,audio_features,4mWahKerLaVddUjb8d1Q4Q,spotify:track:4mWahKerLaVddUjb8d1Q4Q,https://api.spotify.com/v1/tracks/4mWahKerLaVddUjb8d1Q4Q,https://api.spotify.com/v1/audio-analysis/4mWahKerLaVddUjb8d1Q4Q,241347,4
0.681,0.73,0,-10.693,0,0.255,0.329,4.14e-06,0.0552,0.807,140.136,audio_features,3uSDMOEW4K94zTCmm0Lt3F,spotify:track:3uSDMOEW4K94zTCmm0Lt3F,https://api.spotify.com/v1/tracks/3uSDMOEW4K94zTCmm0Lt3F,https://api.spotify.com/v1/audio-analysis/3uSDMOEW4K94zTCmm0Lt3F,149773,4
0.583,0.731,9,-6.18,0,0.0271,0.0107,0.0136,0.238,0.446,149.987,audio_features,6kdCN6gTWLcLxmLXoUcwuI,spotify:track:6kdCN6gTWLcLxmLXoUcwuI,https://api.spotify.com/v1/tracks/6kdCN6gTWLcLxmLXoUcwuI,https://api.spotify.com/v1/audio-analysis/6kdCN6gTWLcLxmLXoUcwuI,267600,4
